storeID,productID,current_price,quantity,corridor,shelve
1,1,1.65,40,A,1
1,2,1.57,40,A,1
1,3,1.21,29,A,1
1,4,1.19,37,A,1
1,5,0.97,21,A,1
1,6,1.58,22,A,1
1,7,1.52,46,A,1
1,8,1.37,13,A,1
1,9,1.63,13,A,1
1,10,1.37,31,A,2
1,11,0.67,41,A,2
1,12,1.44,25,A,2
1,13,0.79,17,A,2
1,14,1.81,19,A,2
1,15,1.88,45,B,1
1,16,3.02,35,B,1
1,17,4.59,38,B,1
1,18,3.89,25,B,1
1,19,3.66,21,B,1
1,20,7.41,10,B,1
1,21,6.95,47,B,1
1,22,6.76,47,B,1
1,23,6.39,25,B,2
1,24,6.96,11,B,2
1,25,16.2,34,B,2
1,26,0.97,45,C,1
1,27,6.6,43,C,1
1,28,2.78,22,C,1
1,29,8.94,22,C,1
1,30,1.9,34,C,1
1,31,1.99,40,C,2
1,32,3.42,41,C,2
1,33,2.99,19,C,2
1,34,3.02,18,C,2
1,35,2.44,16,C,2
1,36,3.87,38,C,1
1,37,4.21,16,C,1
1,38,5.72,48,C,1
1,39,6.78,17,C,1
1,40,5.86,20,C,1
1,41,6.29,16,C,1
1,42,1.75,30,C,2
1,43,1.64,27,C,2
1,44,19.05,14,C,1
1,45,22.05,34,C,1
1,46,8.91,43,C,1
1,47,21.04,31,C,1
1,48,21.78,31,C,1
1,49,10.17,45,C,1
1,50,10.82,29,C,1
1,51,14.3,12,C,1
1,52,20.28,18,C,1
1,53,33.2,30,C,1
1,54,9.03,44,C,1
1,55,18.3,20,C,1
1,56,2.01,46,D,1
1,57,2.18,35,D,1
1,58,2.35,29,D,1
1,59,2.2,32,D,1
1,60,3.76,24,D,1
1,61,4.41,14,D,1
1,62,3.52,10,D,1
1,63,3.85,32,D,1
1,64,1.34,31,D,1
1,65,3.51,13,D,1
1,66,2.55,11,D,1
1,67,2.53,45,D,1
1,68,2.74,34,D,2
1,69,3.21,47,D,2
1,70,2.21,49,D,2
1,71,0.59,33,D,2
1,72,1.01,18,D,2
1,73,0.6,14,D,2
1,74,0.69,35,D,2
1,75,0.5,37,E,1
1,76,1.73,36,E,1
1,77,1.77,36,E,1
1,78,2.85,28,E,1
1,79,2.78,49,E,1
1,80,3.35,49,E,1
1,81,4.63,38,E,1
1,82,0.58,18,E,1
1,83,3.2,21,E,1
1,84,1.61,32,E,1
1,85,2.26,29,E,1
1,86,4.96,28,E,1
1,87,3.81,33,E,1
1,88,6.07,17,E,1
1,89,4.22,25,E,1
1,90,8.74,25,E,1
1,91,1.43,47,E,1
1,92,2.78,49,E,1
1,93,1.63,12,E,1
1,94,2.47,28,E,1
1,95,4.41,34,E,1
1,96,5.8,34,E,1
1,97,5.41,10,E,1
1,98,5.61,20,E,1
1,99,3.57,13,E,1
1,100,3.42,15,E,1
1,101,1.06,29,E,1
1,102,2.12,33,E,1
1,103,3.15,45,E,1
1,104,1.78,48,E,2
1,105,1.06,48,E,2
1,106,2.7,13,E,2
1,107,10.75,40,E,2
1,108,2.49,12,E,2
1,109,3.36,28,E,2
1,110,5.25,47,E,2
1,111,0.88,11,E,2
1,112,1.56,21,E,2
1,113,6.22,24,E,2
1,114,1.83,13,E,2
1,115,4.04,16,E,2
1,116,1.11,38,E,2
1,117,7.6,35,E,2
1,118,3.68,26,E,2
1,119,1.51,13,E,2
1,120,2.27,38,E,2
1,121,5.29,48,E,2
1,122,2.41,14,E,2
1,123,2.67,31,E,2
1,124,1.32,50,E,2
1,125,0.54,34,F,1
1,126,6.57,16,F,1
1,127,3.97,37,F,1
1,128,1.52,36,F,1
1,129,10.04,16,F,1
1,130,19.21,43,F,1
1,131,26.39,15,F,1
1,132,5.48,26,F,1
1,133,6.57,41,F,1
1,134,11.65,24,F,1
1,135,0.67,20,F,1
1,136,15.23,29,F,1
1,137,2.74,48,F,2
1,138,9.5,27,F,2
1,139,0.64,18,F,2
1,140,20.8,44,F,2
1,141,24.76,33,F,2
1,142,24.49,27,F,2
1,143,5.29,31,F,2
1,144,18.38,14,F,2
1,145,0.91,28,F,2
1,146,0.89,20,F,2
1,147,11.08,20,F,2
1,148,1.99,26,F,2
1,149,66.04,49,F,2
1,150,1.85,27,D,3
1,151,1.82,42,D,3
1,152,2.5,47,D,3
1,153,3.67,42,D,3
1,154,1.88,47,D,3
1,155,2.19,16,D,3
2,1,1.52,41,A,1
2,2,1.28,32,A,1
2,3,1.07,15,A,1
2,4,1.02,29,A,1
2,5,0.82,31,A,1
2,6,1.8,48,A,1
2,7,1.53,26,A,1
2,8,1.3,24,A,1
2,9,1.69,14,A,1
2,10,1.39,12,A,2
2,11,1.04,45,A,2
2,12,1.63,16,A,2
2,13,0.97,20,A,2
2,14,1.9,26,A,2
2,15,1.67,14,B,1
2,16,2.1,29,B,1
2,17,4.01,33,B,1
2,18,4.1,19,B,1
2,19,3.78,39,B,1
2,20,7.2,28,B,1
2,21,7.01,27,B,1
2,22,7.74,30,B,1
2,23,6.14,49,B,2
2,24,6.91,33,B,2
2,25,14.71,16,B,2
2,26,2.24,23,C,1
2,27,7.58,22,C,1
2,28,3.97,37,C,1
2,29,7.47,49,C,1
2,30,1.77,25,C,1
2,31,2.1,37,C,2
2,32,3.95,11,C,2
2,33,2.51,33,C,2
2,34,2.0,37,C,2
2,35,1.86,41,C,2
2,36,3.74,35,C,1
2,37,6.88,43,C,1
2,38,5.55,13,C,1
2,39,6.39,46,C,1
2,40,5.88,10,C,1
2,41,6.94,45,C,1
2,42,1.57,49,C,2
2,43,1.74,46,C,2
2,44,19.68,18,C,1
2,45,24.59,22,C,1
2,46,10.93,28,C,1
2,47,19.44,29,C,1
2,48,17.95,23,C,1
2,49,9.73,40,C,1
2,50,12.17,12,C,1
2,51,17.86,16,C,1
2,52,20.42,28,C,1
2,53,26.15,40,C,1
2,54,14.2,44,C,1
2,55,17.74,17,C,1
2,56,1.92,24,D,1
2,57,2.0,42,D,1
2,58,2.02,31,D,1
2,59,2.46,39,D,1
2,60,3.33,43,D,1
2,61,4.48,13,D,1
2,62,3.79,13,D,1
2,63,4.71,39,D,1
2,64,1.31,11,D,1
2,65,3.74,10,D,1
2,66,2.4,25,D,1
2,67,3.23,42,D,1
2,68,2.46,31,D,2
2,69,2.28,37,D,2
2,70,2.69,48,D,2
2,71,0.59,49,D,2
2,72,0.78,18,D,2
2,73,0.8,26,D,2
2,74,0.92,40,D,2
2,75,0.9,42,E,1
2,76,1.16,14,E,1
2,77,1.71,45,E,1
2,78,3.65,10,E,1
2,79,3.46,26,E,1
2,80,3.04,16,E,1
2,81,3.86,44,E,1
2,82,0.73,33,E,1
2,83,2.0,22,E,1
2,84,1.31,38,E,1
2,85,2.28,41,E,1
2,86,6.04,35,E,1
2,87,5.52,24,E,1
2,88,5.23,16,E,1
2,89,4.57,12,E,1
2,90,9.05,23,E,1
2,91,1.8,42,E,1
2,92,3.13,23,E,1
2,93,0.67,42,E,1
2,94,3.24,23,E,1
2,95,4.67,21,E,1
2,96,8.42,35,E,1
2,97,5.58,23,E,1
2,98,6.07,24,E,1
2,99,4.11,44,E,1
2,100,4.01,40,E,1
2,101,0.77,16,E,1
2,102,2.09,50,E,1
2,103,3.49,36,E,1
2,104,0.87,49,E,2
2,105,0.81,23,E,2
2,106,2.53,49,E,2
2,107,11.71,24,E,2
2,108,1.92,16,E,2
2,109,3.22,22,E,2
2,110,5.16,24,E,2
2,111,1.25,45,E,2
2,112,1.72,44,E,2
2,113,6.88,39,E,2
2,114,1.78,42,E,2
2,115,5.24,36,E,2
2,116,0.96,12,E,2
2,117,5.82,39,E,2
2,118,4.37,28,E,2
2,119,1.22,36,E,2
2,120,3.46,38,E,2
2,121,5.39,33,E,2
2,122,1.51,39,E,2
2,123,2.11,22,E,2
2,124,1.82,28,E,2
2,125,0.61,11,F,1
2,126,7.18,15,F,1
2,127,5.9,22,F,1
2,128,0.87,14,F,1
2,129,11.17,48,F,1
2,130,13.26,45,F,1
2,131,27.38,50,F,1
2,132,6.2,42,F,1
2,133,9.11,37,F,1
2,134,12.12,18,F,1
2,135,0.53,45,F,1
2,136,18.06,12,F,1
2,137,2.06,50,F,2
2,138,11.45,27,F,2
2,139,0.55,11,F,2
2,140,23.41,48,F,2
2,141,26.25,33,F,2
2,142,37.25,20,F,2
2,143,3.55,44,F,2
2,144,14.12,16,F,2
2,145,1.03,36,F,2
2,146,0.88,24,F,2
2,147,4.33,25,F,2
2,148,1.93,37,F,2
2,149,84.91,49,F,2
2,150,1.75,27,D,3
2,151,2.08,36,D,3
2,152,3.64,38,D,3
2,153,2.55,24,D,3
2,154,2.81,21,D,3
2,155,2.52,15,D,3
3,1,1.86,33,A,1
3,2,1.52,34,A,1
3,3,1.38,31,A,1
3,4,1.13,29,A,1
3,5,0.81,37,A,1
3,6,1.86,22,A,1
3,7,1.56,24,A,1
3,8,1.27,22,A,1
3,9,1.83,35,A,1
3,10,1.24,13,A,2
3,11,0.81,21,A,2
3,12,1.4,44,A,2
3,13,1.43,25,A,2
3,14,1.83,12,A,2
3,15,2.23,22,B,1
3,16,2.11,25,B,1
3,17,3.43,23,B,1
3,18,4.19,19,B,1
3,19,3.9,26,B,1
3,20,8.11,19,B,1
3,21,6.91,49,B,1
3,22,9.29,47,B,1
3,23,6.22,36,B,2
3,24,6.64,38,B,2
3,25,15.04,42,B,2
3,26,4.74,38,C,1
3,27,7.93,22,C,1
3,28,2.79,43,C,1
3,29,12.02,40,C,1
3,30,1.54,46,C,1
3,31,1.64,27,C,2
3,32,3.64,49,C,2
3,33,2.31,19,C,2
3,34,2.22,36,C,2
3,35,3.81,21,C,2
3,36,4.88,42,C,1
3,37,5.34,39,C,1
3,38,5.7,14,C,1
3,39,7.47,26,C,1
3,40,5.01,13,C,1
3,41,6.65,38,C,1
3,42,2.0,38,C,2
3,43,1.67,36,C,2
3,44,18.35,40,C,1
3,45,21.14,22,C,1
3,46,10.87,36,C,1
3,47,22.58,39,C,1
3,48,21.02,33,C,1
3,49,9.07,36,C,1
3,50,11.89,15,C,1
3,51,14.59,38,C,1
3,52,21.91,10,C,1
3,53,20.59,39,C,1
3,54,11.07,45,C,1
3,55,20.01,46,C,1
3,56,1.85,48,D,1
3,57,2.28,26,D,1
3,58,2.2,17,D,1
3,59,1.95,32,D,1
3,60,3.39,49,D,1
3,61,4.31,44,D,1
3,62,3.53,10,D,1
3,63,3.84,42,D,1
3,64,1.1,20,D,1
3,65,3.69,21,D,1
3,66,2.5,32,D,1
3,67,2.89,24,D,1
3,68,2.93,41,D,2
3,69,2.16,18,D,2
3,70,3.07,27,D,2
3,71,0.5,34,D,2
3,72,0.63,29,D,2
3,73,0.74,34,D,2
3,74,1.88,17,D,2
3,75,0.96,27,E,1
3,76,2.37,47,E,1
3,77,2.34,27,E,1
3,78,2.73,37,E,1
3,79,1.77,49,E,1
3,80,3.92,15,E,1
3,81,5.72,23,E,1
3,82,0.83,16,E,1
3,83,2.59,49,E,1
3,84,1.31,49,E,1
3,85,1.98,41,E,1
3,86,3.61,34,E,1
3,87,4.42,22,E,1
3,88,5.84,30,E,1
3,89,3.86,12,E,1
3,90,10.77,10,E,1
3,91,1.36,41,E,1
3,92,1.95,29,E,1
3,93,3.04,25,E,1
3,94,2.33,21,E,1
3,95,4.36,37,E,1
3,96,5.11,45,E,1
3,97,4.95,50,E,1
3,98,6.05,40,E,1
3,99,3.95,23,E,1
3,100,4.08,24,E,1
3,101,1.07,49,E,1
3,102,2.07,38,E,1
3,103,3.35,32,E,1
3,104,1.83,44,E,2
3,105,1.34,50,E,2
3,106,2.7,49,E,2
3,107,10.72,10,E,2
3,108,1.19,22,E,2
3,109,4.48,31,E,2
3,110,5.45,49,E,2
3,111,1.54,47,E,2
3,112,1.6,33,E,2
3,113,5.93,22,E,2
3,114,1.71,21,E,2
3,115,5.08,14,E,2
3,116,0.9,18,E,2
3,117,6.51,45,E,2
3,118,3.88,38,E,2
3,119,1.16,21,E,2
3,120,1.41,35,E,2
3,121,5.73,32,E,2
3,122,1.7,16,E,2
3,123,2.49,46,E,2
3,124,1.75,24,E,2
3,125,0.44,31,F,1
3,126,8.57,13,F,1
3,127,5.63,27,F,1
3,128,2.1,35,F,1
3,129,14.31,38,F,1
3,130,15.98,34,F,1
3,131,27.84,40,F,1
3,132,4.96,27,F,1
3,133,11.37,17,F,1
3,134,12.41,29,F,1
3,135,0.62,33,F,1
3,136,11.15,44,F,1
3,137,1.56,39,F,2
3,138,9.38,45,F,2
3,139,0.69,16,F,2
3,140,11.32,43,F,2
3,141,29.44,43,F,2
3,142,34.37,13,F,2
3,143,3.88,27,F,2
3,144,16.99,20,F,2
3,145,0.92,34,F,2
3,146,0.86,31,F,2
3,147,8.18,16,F,2
3,148,2.16,25,F,2
3,149,82.4,21,F,2
3,150,2.04,41,D,3
3,151,1.46,14,D,3
3,152,2.71,24,D,3
3,153,3.0,14,D,3
3,154,2.8,35,D,3
3,155,3.89,50,D,3
4,1,2.08,48,A,1
4,2,1.28,47,A,1
4,3,1.01,32,A,1
4,4,1.43,13,A,1
4,5,1.26,14,A,1
4,6,1.73,30,A,1
4,7,1.55,11,A,1
4,8,1.19,36,A,1
4,9,1.95,22,A,1
4,10,1.23,25,A,2
4,11,1.07,32,A,2
4,12,1.43,48,A,2
4,13,1.28,31,A,2
4,14,1.69,29,A,2
4,15,1.76,42,B,1
4,16,1.92,36,B,1
4,17,2.7,43,B,1
4,18,4.37,15,B,1
4,19,3.93,10,B,1
4,20,6.98,12,B,1
4,21,7.07,46,B,1
4,22,8.11,27,B,1
4,23,5.73,20,B,2
4,24,6.27,21,B,2
4,25,15.17,26,B,2
4,26,1.66,15,C,1
4,27,7.43,26,C,1
4,28,2.34,40,C,1
4,29,5.56,39,C,1
4,30,2.18,17,C,1
4,31,1.31,33,C,2
4,32,4.34,17,C,2
4,33,2.59,29,C,2
4,34,2.68,12,C,2
4,35,3.45,44,C,2
4,36,3.84,25,C,1
4,37,5.96,21,C,1
4,38,5.41,23,C,1
4,39,6.05,30,C,1
4,40,5.25,43,C,1
4,41,6.3,44,C,1
4,42,1.91,39,C,2
4,43,1.58,10,C,2
4,44,14.55,49,C,1
4,45,17.16,14,C,1
4,46,10.74,24,C,1
4,47,24.27,32,C,1
4,48,17.13,36,C,1
4,49,9.52,14,C,1
4,50,11.19,34,C,1
4,51,22.46,14,C,1
4,52,21.11,21,C,1
4,53,30.35,29,C,1
4,54,15.6,48,C,1
4,55,19.73,14,C,1
4,56,1.97,21,D,1
4,57,2.13,31,D,1
4,58,2.39,20,D,1
4,59,2.13,41,D,1
4,60,3.97,19,D,1
4,61,4.31,16,D,1
4,62,3.77,19,D,1
4,63,3.77,30,D,1
4,64,1.27,36,D,1
4,65,3.63,39,D,1
4,66,2.38,20,D,1
4,67,2.43,42,D,1
4,68,2.61,40,D,2
4,69,2.55,40,D,2
4,70,3.15,26,D,2
4,71,0.54,42,D,2
4,72,0.78,46,D,2
4,73,0.81,13,D,2
4,74,1.76,26,D,2
4,75,1.16,31,E,1
4,76,2.07,39,E,1
4,77,1.71,12,E,1
4,78,2.14,24,E,1
4,79,2.96,26,E,1
4,80,3.25,47,E,1
4,81,5.14,28,E,1
4,82,1.11,31,E,1
4,83,2.65,19,E,1
4,84,1.48,38,E,1
4,85,2.08,38,E,1
4,86,6.31,44,E,1
4,87,4.41,28,E,1
4,88,4.37,45,E,1
4,89,3.73,46,E,1
4,90,10.31,14,E,1
4,91,1.7,49,E,1
4,92,2.9,29,E,1
4,93,2.46,44,E,1
4,94,2.88,49,E,1
4,95,3.76,23,E,1
4,96,5.49,35,E,1
4,97,5.48,27,E,1
4,98,5.78,35,E,1
4,99,3.95,20,E,1
4,100,4.61,32,E,1
4,101,1.17,12,E,1
4,102,1.48,23,E,1
4,103,2.26,33,E,1
4,104,1.1,46,E,2
4,105,0.63,22,E,2
4,106,2.53,25,E,2
4,107,11.3,17,E,2
4,108,2.38,31,E,2
4,109,5.25,17,E,2
4,110,5.56,26,E,2
4,111,0.77,44,E,2
4,112,1.62,42,E,2
4,113,5.97,18,E,2
4,114,1.63,35,E,2
4,115,5.0,31,E,2
4,116,0.97,44,E,2
4,117,4.88,19,E,2
4,118,2.85,37,E,2
4,119,1.34,11,E,2
4,120,2.0,18,E,2
4,121,2.77,40,E,2
4,122,1.91,30,E,2
4,123,3.3,34,E,2
4,124,1.55,42,E,2
4,125,0.5,48,F,1
4,126,7.94,17,F,1
4,127,5.89,18,F,1
4,128,1.57,37,F,1
4,129,12.72,33,F,1
4,130,9.89,15,F,1
4,131,29.4,38,F,1
4,132,4.43,27,F,1
4,133,10.0,26,F,1
4,134,8.35,39,F,1
4,135,0.62,14,F,1
4,136,10.8,42,F,1
4,137,1.42,17,F,2
4,138,9.82,43,F,2
4,139,0.65,45,F,2
4,140,17.58,13,F,2
4,141,24.82,41,F,2
4,142,43.47,33,F,2
4,143,4.67,11,F,2
4,144,15.2,47,F,2
4,145,0.83,38,F,2
4,146,0.85,11,F,2
4,147,11.95,36,F,2
4,148,2.59,10,F,2
4,149,60.81,39,F,2
4,150,1.63,16,D,3
4,151,1.76,24,D,3
4,152,2.74,39,D,3
4,153,3.09,26,D,3
4,154,1.86,48,D,3
4,155,2.93,22,D,3
5,1,1.84,34,A,1
5,2,1.84,49,A,1
5,3,1.23,21,A,1
5,4,1.59,48,A,1
5,5,0.99,40,A,1
5,6,1.74,31,A,1
5,7,1.46,35,A,1
5,8,1.47,42,A,1
5,9,1.73,10,A,1
5,10,1.38,16,A,2
5,11,1.06,44,A,2
5,12,1.91,15,A,2
5,13,1.1,21,A,2
5,14,1.76,30,A,2
5,15,2.04,17,B,1
5,16,2.16,43,B,1
5,17,3.38,37,B,1
5,18,3.97,49,B,1
5,19,3.87,18,B,1
5,20,7.48,36,B,1
5,21,6.83,25,B,1
5,22,7.22,21,B,1
5,23,6.67,44,B,2
5,24,6.78,15,B,2
5,25,15.85,50,B,2
5,26,2.27,12,C,1
5,27,5.19,16,C,1
5,28,2.69,29,C,1
5,29,8.67,47,C,1
5,30,1.71,30,C,1
5,31,2.07,35,C,2
5,32,3.65,45,C,2
5,33,3.13,25,C,2
5,34,2.32,29,C,2
5,35,2.61,28,C,2
5,36,3.25,40,C,1
5,37,4.7,28,C,1
5,38,5.18,46,C,1
5,39,6.48,42,C,1
5,40,5.11,30,C,1
5,41,7.26,46,C,1
5,42,1.86,15,C,2
5,43,1.87,48,C,2
5,44,18.86,33,C,1
5,45,21.91,24,C,1
5,46,11.2,45,C,1
5,47,20.88,18,C,1
5,48,16.67,31,C,1
5,49,10.76,43,C,1
5,50,11.09,48,C,1
5,51,15.95,23,C,1
5,52,23.64,17,C,1
5,53,20.62,16,C,1
5,54,19.38,16,C,1
5,55,18.19,23,C,1
5,56,2.11,45,D,1
5,57,2.07,14,D,1
5,58,2.92,15,D,1
5,59,2.61,41,D,1
5,60,3.37,35,D,1
5,61,4.47,39,D,1
5,62,4.25,38,D,1
5,63,3.91,27,D,1
5,64,1.31,14,D,1
5,65,3.65,47,D,1
5,66,2.7,40,D,1
5,67,2.83,17,D,1
5,68,2.69,29,D,2
5,69,2.79,22,D,2
5,70,2.46,19,D,2
5,71,0.52,20,D,2
5,72,0.85,14,D,2
5,73,0.63,28,D,2
5,74,0.8,44,D,2
5,75,0.64,36,E,1
5,76,0.76,20,E,1
5,77,2.79,50,E,1
5,78,2.6,45,E,1
5,79,1.59,39,E,1
5,80,3.71,31,E,1
5,81,5.1,36,E,1
5,82,0.86,34,E,1
5,83,2.18,42,E,1
5,84,1.25,42,E,1
5,85,2.25,23,E,1
5,86,6.31,25,E,1
5,87,5.07,48,E,1
5,88,5.71,50,E,1
5,89,4.37,20,E,1
5,90,9.29,48,E,1
5,91,1.55,50,E,1
5,92,2.12,20,E,1
5,93,2.3,47,E,1
5,94,2.94,14,E,1
5,95,3.72,18,E,1
5,96,4.83,32,E,1
5,97,4.59,40,E,1
5,98,5.41,28,E,1
5,99,3.34,33,E,1
5,100,5.45,35,E,1
5,101,0.97,36,E,1
5,102,2.06,18,E,1
5,103,3.62,17,E,1
5,104,1.49,44,E,2
5,105,1.17,43,E,2
5,106,2.75,24,E,2
5,107,10.27,32,E,2
5,108,3.12,46,E,2
5,109,5.33,41,E,2
5,110,5.48,26,E,2
5,111,0.63,24,E,2
5,112,1.54,29,E,2
5,113,6.63,11,E,2
5,114,1.66,49,E,2
5,115,6.14,26,E,2
5,116,1.57,18,E,2
5,117,6.21,18,E,2
5,118,3.67,50,E,2
5,119,1.24,34,E,2
5,120,2.45,13,E,2
5,121,4.95,46,E,2
5,122,1.77,47,E,2
5,123,2.55,24,E,2
5,124,1.55,24,E,2
5,125,0.52,22,F,1
5,126,6.26,47,F,1
5,127,6.34,17,F,1
5,128,2.03,15,F,1
5,129,15.44,10,F,1
5,130,15.65,18,F,1
5,131,30.87,31,F,1
5,132,3.92,29,F,1
5,133,7.96,27,F,1
5,134,12.97,19,F,1
5,135,0.54,22,F,1
5,136,17.75,37,F,1
5,137,2.21,48,F,2
5,138,9.98,34,F,2
5,139,0.63,38,F,2
5,140,19.69,32,F,2
5,141,23.25,40,F,2
5,142,32.69,12,F,2
5,143,3.52,19,F,2
5,144,11.07,38,F,2
5,145,0.93,41,F,2
5,146,0.88,50,F,2
5,147,5.2,34,F,2
5,148,1.97,30,F,2
5,149,84.43,16,F,2
5,150,1.54,10,D,3
5,151,1.86,48,D,3
5,152,2.83,30,D,3
5,153,2.65,43,D,3
5,154,2.94,45,D,3
5,155,3.75,25,D,3
6,1,1.92,31,A,1
6,2,1.35,26,A,1
6,3,1.27,45,A,1
6,4,1.21,12,A,1
6,5,0.84,31,A,1
6,6,1.75,41,A,1
6,7,1.51,26,A,1
6,8,0.62,21,A,1
6,9,1.6,21,A,1
6,10,1.42,18,A,2
6,11,1.29,38,A,2
6,12,1.63,16,A,2
6,13,1.21,22,A,2
6,14,1.73,36,A,2
6,15,2.05,30,B,1
6,16,2.5,48,B,1
6,17,3.12,33,B,1
6,18,3.89,29,B,1
6,19,3.87,41,B,1
6,20,7.82,46,B,1
6,21,6.3,17,B,1
6,22,7.48,49,B,1
6,23,6.5,29,B,2
6,24,6.63,15,B,2
6,25,14.3,40,B,2
6,26,3.7,41,C,1
6,27,8.92,23,C,1
6,28,3.04,49,C,1
6,29,8.82,34,C,1
6,30,1.53,36,C,1
6,31,1.83,12,C,2
6,32,3.8,31,C,2
6,33,3.59,21,C,2
6,34,2.62,24,C,2
6,35,2.7,43,C,2
6,36,4.99,22,C,1
6,37,4.75,22,C,1
6,38,5.34,41,C,1
6,39,6.32,24,C,1
6,40,5.86,37,C,1
6,41,6.81,46,C,1
6,42,1.74,49,C,2
6,43,1.77,10,C,2
6,44,17.75,38,C,1
6,45,23.02,35,C,1
6,46,10.38,28,C,1
6,47,20.01,23,C,1
6,48,21.09,19,C,1
6,49,10.61,16,C,1
6,50,12.05,14,C,1
6,51,14.95,21,C,1
6,52,18.69,18,C,1
6,53,31.96,35,C,1
6,54,14.39,17,C,1
6,55,17.46,20,C,1
6,56,1.72,20,D,1
6,57,2.2,22,D,1
6,58,2.12,50,D,1
6,59,3.28,47,D,1
6,60,3.61,26,D,1
6,61,3.76,34,D,1
6,62,5.29,30,D,1
6,63,4.59,21,D,1
6,64,1.1,18,D,1
6,65,3.59,47,D,1
6,66,2.48,10,D,1
6,67,2.92,21,D,1
6,68,2.24,10,D,2
6,69,3.56,22,D,2
6,70,3.2,48,D,2
6,71,0.38,11,D,2
6,72,0.91,22,D,2
6,73,0.65,25,D,2
6,74,1.75,47,D,2
6,75,0.81,16,E,1
6,76,1.64,30,E,1
6,77,1.93,15,E,1
6,78,2.87,36,E,1
6,79,2.81,18,E,1
6,80,3.49,40,E,1
6,81,4.65,44,E,1
6,82,0.79,31,E,1
6,83,2.59,28,E,1
6,84,1.23,35,E,1
6,85,2.02,31,E,1
6,86,4.31,42,E,1
6,87,5.28,12,E,1
6,88,6.01,37,E,1
6,89,4.32,26,E,1
6,90,8.92,42,E,1
6,91,1.4,24,E,1
6,92,3.22,31,E,1
6,93,0.55,36,E,1
6,94,2.4,17,E,1
6,95,4.29,24,E,1
6,96,6.1,38,E,1
6,97,5.47,36,E,1
6,98,6.07,41,E,1
6,99,4.44,13,E,1
6,100,4.31,28,E,1
6,101,1.15,40,E,1
6,102,1.65,14,E,1
6,103,3.4,31,E,1
6,104,1.49,49,E,2
6,105,1.0,41,E,2
6,106,2.9,35,E,2
6,107,8.52,11,E,2
6,108,1.56,44,E,2
6,109,3.21,35,E,2
6,110,5.61,27,E,2
6,111,1.25,22,E,2
6,112,1.69,13,E,2
6,113,5.27,32,E,2
6,114,1.52,49,E,2
6,115,4.33,40,E,2
6,116,1.22,33,E,2
6,117,5.08,30,E,2
6,118,2.84,30,E,2
6,119,1.38,37,E,2
6,120,2.87,41,E,2
6,121,6.28,10,E,2
6,122,1.7,42,E,2
6,123,2.44,41,E,2
6,124,2.5,20,E,2
6,125,0.37,14,F,1
6,126,6.61,29,F,1
6,127,4.06,50,F,1
6,128,1.64,33,F,1
6,129,15.1,13,F,1
6,130,12.79,21,F,1
6,131,30.62,21,F,1
6,132,2.99,32,F,1
6,133,10.93,27,F,1
6,134,10.82,43,F,1
6,135,0.5,19,F,1
6,136,14.55,22,F,1
6,137,3.43,44,F,2
6,138,10.71,25,F,2
6,139,0.74,45,F,2
6,140,19.95,27,F,2
6,141,28.63,21,F,2
6,142,44.86,38,F,2
6,143,4.5,48,F,2
6,144,16.47,43,F,2
6,145,0.93,47,F,2
6,146,0.79,29,F,2
6,147,1.06,46,F,2
6,148,2.07,11,F,2
6,149,68.63,35,F,2
6,150,1.48,39,D,3
6,151,1.65,17,D,3
6,152,1.68,23,D,3
6,153,3.31,20,D,3
6,154,2.55,41,D,3
6,155,4.02,42,D,3
7,1,2.45,16,A,1
7,2,1.31,39,A,1
7,3,1.15,15,A,1
7,4,1.41,36,A,1
7,5,0.73,45,A,1
7,6,1.87,16,A,1
7,7,1.45,16,A,1
7,8,1.21,38,A,1
7,9,1.73,45,A,1
7,10,1.16,39,A,2
7,11,1.31,10,A,2
7,12,1.46,47,A,2
7,13,0.88,19,A,2
7,14,1.87,12,A,2
7,15,1.78,11,B,1
7,16,2.42,23,B,1
7,17,3.48,10,B,1
7,18,4.32,21,B,1
7,19,3.82,33,B,1
7,20,6.93,29,B,1
7,21,6.69,16,B,1
7,22,7.05,49,B,1
7,23,5.88,16,B,2
7,24,7.29,16,B,2
7,25,14.82,29,B,2
7,26,4.47,34,C,1
7,27,7.88,34,C,1
7,28,3.33,39,C,1
7,29,9.93,35,C,1
7,30,1.63,40,C,1
7,31,1.69,50,C,2
7,32,4.26,20,C,2
7,33,2.45,21,C,2
7,34,2.33,24,C,2
7,35,3.83,15,C,2
7,36,4.64,20,C,1
7,37,4.86,16,C,1
7,38,5.52,40,C,1
7,39,6.46,18,C,1
7,40,5.49,43,C,1
7,41,6.82,10,C,1
7,42,1.7,50,C,2
7,43,1.95,50,C,2
7,44,22.47,37,C,1
7,45,18.1,39,C,1
7,46,12.47,16,C,1
7,47,25.67,24,C,1
7,48,16.26,49,C,1
7,49,9.43,13,C,1
7,50,11.84,38,C,1
7,51,16.21,43,C,1
7,52,19.54,31,C,1
7,53,24.93,39,C,1
7,54,17.17,45,C,1
7,55,19.25,24,C,1
7,56,1.78,25,D,1
7,57,2.33,11,D,1
7,58,2.11,36,D,1
7,59,2.54,22,D,1
7,60,3.53,44,D,1
7,61,3.84,15,D,1
7,62,3.2,11,D,1
7,63,4.15,43,D,1
7,64,1.5,47,D,1
7,65,3.85,23,D,1
7,66,2.42,33,D,1
7,67,2.47,17,D,1
7,68,1.98,26,D,2
7,69,3.11,12,D,2
7,70,2.45,20,D,2
7,71,0.48,18,D,2
7,72,0.59,50,D,2
7,73,0.71,38,D,2
7,74,0.97,19,D,2
7,75,1.61,10,E,1
7,76,1.29,50,E,1
7,77,2.11,33,E,1
7,78,2.38,25,E,1
7,79,3.87,39,E,1
7,80,3.84,27,E,1
7,81,3.67,40,E,1
7,82,0.99,16,E,1
7,83,2.36,22,E,1
7,84,1.41,31,E,1
7,85,2.14,31,E,1
7,86,5.12,35,E,1
7,87,5.23,16,E,1
7,88,6.12,19,E,1
7,89,3.45,23,E,1
7,90,9.16,21,E,1
7,91,1.17,39,E,1
7,92,2.97,48,E,1
7,93,1.75,38,E,1
7,94,2.92,26,E,1
7,95,3.83,44,E,1
7,96,6.02,45,E,1
7,97,5.18,50,E,1
7,98,5.78,12,E,1
7,99,4.79,25,E,1
7,100,5.02,19,E,1
7,101,0.85,12,E,1
7,102,1.25,46,E,1
7,103,3.73,16,E,1
7,104,1.51,46,E,2
7,105,0.69,24,E,2
7,106,2.64,42,E,2
7,107,12.97,35,E,2
7,108,1.75,28,E,2
7,109,4.82,25,E,2
7,110,5.28,49,E,2
7,111,0.88,47,E,2
7,112,1.66,30,E,2
7,113,6.0,45,E,2
7,114,1.59,37,E,2
7,115,6.08,32,E,2
7,116,1.01,32,E,2
7,117,8.3,46,E,2
7,118,5.4,37,E,2
7,119,1.38,24,E,2
7,120,2.4,11,E,2
7,121,4.76,32,E,2
7,122,1.68,10,E,2
7,123,3.47,23,E,2
7,124,1.91,26,E,2
7,125,0.57,35,F,1
7,126,7.74,28,F,1
7,127,5.93,11,F,1
7,128,1.28,26,F,1
7,129,14.1,20,F,1
7,130,16.64,15,F,1
7,131,32.36,37,F,1
7,132,5.31,42,F,1
7,133,11.03,41,F,1
7,134,9.66,21,F,1
7,135,0.69,33,F,1
7,136,11.63,21,F,1
7,137,1.61,21,F,2
7,138,11.22,26,F,2
7,139,0.43,19,F,2
7,140,19.78,27,F,2
7,141,29.28,24,F,2
7,142,29.68,26,F,2
7,143,4.02,28,F,2
7,144,17.76,28,F,2
7,145,0.98,43,F,2
7,146,0.92,21,F,2
7,147,4.06,33,F,2
7,148,2.06,11,F,2
7,149,54.28,17,F,2
7,150,1.38,23,D,3
7,151,1.84,20,D,3
7,152,2.5,37,D,3
7,153,3.68,40,D,3
7,154,2.51,20,D,3
7,155,3.29,48,D,3
8,1,2.45,13,A,1
8,2,1.54,37,A,1
8,3,1.23,12,A,1
8,4,1.33,14,A,1
8,5,1.24,36,A,1
8,6,1.8,33,A,1
8,7,1.51,23,A,1
8,8,0.95,38,A,1
8,9,1.43,33,A,1
8,10,1.47,17,A,2
8,11,0.98,34,A,2
8,12,1.26,49,A,2
8,13,1.28,16,A,2
8,14,1.67,46,A,2
8,15,2.08,43,B,1
8,16,2.33,15,B,1
8,17,3.67,10,B,1
8,18,3.82,38,B,1
8,19,3.89,47,B,1
8,20,7.27,35,B,1
8,21,6.15,11,B,1
8,22,8.45,39,B,1
8,23,6.06,44,B,2
8,24,7.9,43,B,2
8,25,14.57,10,B,2
8,26,3.95,39,C,1
8,27,7.24,24,C,1
8,28,1.36,28,C,1
8,29,10.28,12,C,1
8,30,1.53,40,C,1
8,31,2.06,47,C,2
8,32,3.15,13,C,2
8,33,2.43,33,C,2
8,34,2.31,27,C,2
8,35,2.95,47,C,2
8,36,4.08,15,C,1
8,37,5.61,19,C,1
8,38,5.67,39,C,1
8,39,7.14,40,C,1
8,40,6.32,16,C,1
8,41,6.53,41,C,1
8,42,1.73,48,C,2
8,43,2.1,49,C,2
8,44,19.92,28,C,1
8,45,21.82,34,C,1
8,46,10.79,33,C,1
8,47,20.05,19,C,1
8,48,19.64,48,C,1
8,49,9.49,16,C,1
8,50,11.72,18,C,1
8,51,13.36,23,C,1
8,52,20.91,47,C,1
8,53,28.03,25,C,1
8,54,17.73,32,C,1
8,55,18.04,49,C,1
8,56,1.66,19,D,1
8,57,1.85,17,D,1
8,58,2.44,15,D,1
8,59,2.59,15,D,1
8,60,3.94,37,D,1
8,61,3.02,42,D,1
8,62,3.89,13,D,1
8,63,3.0,45,D,1
8,64,1.2,29,D,1
8,65,3.51,14,D,1
8,66,2.56,25,D,1
8,67,2.87,44,D,1
8,68,2.03,48,D,2
8,69,2.34,40,D,2
8,70,2.12,10,D,2
8,71,0.73,16,D,2
8,72,0.64,17,D,2
8,73,0.67,36,D,2
8,74,1.59,41,D,2
8,75,0.43,25,E,1
8,76,2.23,21,E,1
8,77,1.9,44,E,1
8,78,3.16,26,E,1
8,79,2.64,30,E,1
8,80,3.37,34,E,1
8,81,5.04,25,E,1
8,82,0.91,11,E,1
8,83,1.37,18,E,1
8,84,1.31,50,E,1
8,85,2.07,11,E,1
8,86,4.62,25,E,1
8,87,4.26,22,E,1
8,88,4.71,36,E,1
8,89,4.49,45,E,1
8,90,9.17,34,E,1
8,91,1.82,43,E,1
8,92,2.28,45,E,1
8,93,4.39,33,E,1
8,94,2.69,22,E,1
8,95,4.0,39,E,1
8,96,5.57,16,E,1
8,97,5.3,16,E,1
8,98,6.55,22,E,1
8,99,3.78,28,E,1
8,100,4.24,12,E,1
8,101,1.15,23,E,1
8,102,1.91,20,E,1
8,103,4.34,10,E,1
8,104,0.81,21,E,2
8,105,0.69,41,E,2
8,106,1.98,50,E,2
8,107,10.23,18,E,2
8,108,1.88,22,E,2
8,109,5.29,19,E,2
8,110,5.62,25,E,2
8,111,1.08,19,E,2
8,112,1.94,40,E,2
8,113,7.51,41,E,2
8,114,1.71,29,E,2
8,115,3.3,11,E,2
8,116,1.45,12,E,2
8,117,4.65,19,E,2
8,118,4.42,37,E,2
8,119,1.42,48,E,2
8,120,3.15,17,E,2
8,121,4.63,33,E,2
8,122,1.51,40,E,2
8,123,2.79,11,E,2
8,124,1.66,27,E,2
8,125,0.34,26,F,1
8,126,5.88,10,F,1
8,127,5.79,24,F,1
8,128,0.98,42,F,1
8,129,11.15,21,F,1
8,130,22.71,12,F,1
8,131,25.82,32,F,1
8,132,7.02,25,F,1
8,133,7.48,48,F,1
8,134,10.84,47,F,1
8,135,0.58,20,F,1
8,136,10.42,16,F,1
8,137,0.98,37,F,2
8,138,7.57,10,F,2
8,139,0.5,27,F,2
8,140,17.87,14,F,2
8,141,27.16,39,F,2
8,142,37.22,34,F,2
8,143,3.64,46,F,2
8,144,15.5,27,F,2
8,145,0.85,18,F,2
8,146,1.04,27,F,2
8,147,2.14,35,F,2
8,148,1.77,28,F,2
8,149,78.76,48,F,2
8,150,1.45,40,D,3
8,151,2.04,15,D,3
8,152,2.83,39,D,3
8,153,4.51,28,D,3
8,154,4.0,32,D,3
8,155,3.08,26,D,3
9,1,2.21,28,A,1
9,2,1.31,37,A,1
9,3,1.01,15,A,1
9,4,1.27,50,A,1
9,5,1.09,45,A,1
9,6,1.59,35,A,1
9,7,1.49,25,A,1
9,8,1.3,31,A,1
9,9,2.01,40,A,1
9,10,1.7,42,A,2
9,11,1.06,21,A,2
9,12,1.83,37,A,2
9,13,0.99,37,A,2
9,14,1.63,36,A,2
9,15,1.77,16,B,1
9,16,2.21,19,B,1
9,17,2.57,24,B,1
9,18,3.88,27,B,1
9,19,3.73,14,B,1
9,20,7.05,30,B,1
9,21,6.94,37,B,1
9,22,8.56,50,B,1
9,23,5.1,16,B,2
9,24,7.26,12,B,2
9,25,15.25,46,B,2
9,26,3.69,36,C,1
9,27,5.94,47,C,1
9,28,3.66,38,C,1
9,29,6.75,30,C,1
9,30,1.81,44,C,1
9,31,1.93,32,C,2
9,32,3.72,22,C,2
9,33,2.42,23,C,2
9,34,2.81,35,C,2
9,35,3.73,22,C,2
9,36,3.62,41,C,1
9,37,5.53,34,C,1
9,38,4.97,24,C,1
9,39,5.25,21,C,1
9,40,5.43,23,C,1
9,41,6.21,20,C,1
9,42,1.85,25,C,2
9,43,1.68,30,C,2
9,44,18.98,34,C,1
9,45,19.25,14,C,1
9,46,11.96,21,C,1
9,47,23.39,13,C,1
9,48,23.79,42,C,1
9,49,9.79,18,C,1
9,50,11.66,36,C,1
9,51,17.63,30,C,1
9,52,23.97,45,C,1
9,53,28.37,16,C,1
9,54,9.53,37,C,1
9,55,18.13,10,C,1
9,56,1.46,16,D,1
9,57,1.68,37,D,1
9,58,2.37,10,D,1
9,59,2.53,47,D,1
9,60,3.31,43,D,1
9,61,4.17,30,D,1
9,62,3.74,11,D,1
9,63,3.63,43,D,1
9,64,1.36,22,D,1
9,65,3.6,27,D,1
9,66,2.37,50,D,1
9,67,2.92,37,D,1
9,68,1.76,21,D,2
9,69,2.36,40,D,2
9,70,3.37,22,D,2
9,71,0.54,20,D,2
9,72,0.58,10,D,2
9,73,0.74,17,D,2
9,74,1.23,38,D,2
9,75,1.25,36,E,1
9,76,1.46,18,E,1
9,77,2.41,41,E,1
9,78,2.48,11,E,1
9,79,2.11,23,E,1
9,80,4.29,36,E,1
9,81,5.01,46,E,1
9,82,0.63,12,E,1
9,83,2.38,15,E,1
9,84,1.45,23,E,1
9,85,2.05,45,E,1
9,86,5.48,49,E,1
9,87,6.62,48,E,1
9,88,7.56,40,E,1
9,89,3.9,39,E,1
9,90,7.49,15,E,1
9,91,1.33,14,E,1
9,92,2.44,10,E,1
9,93,3.55,44,E,1
9,94,2.69,27,E,1
9,95,4.34,27,E,1
9,96,5.52,44,E,1
9,97,5.15,36,E,1
9,98,6.34,33,E,1
9,99,3.26,17,E,1
9,100,3.1,12,E,1
9,101,1.1,19,E,1
9,102,1.72,31,E,1
9,103,4.68,17,E,1
9,104,1.15,11,E,2
9,105,1.41,45,E,2
9,106,3.12,12,E,2
9,107,13.56,16,E,2
9,108,3.3,19,E,2
9,109,4.24,33,E,2
9,110,5.44,21,E,2
9,111,1.05,17,E,2
9,112,1.81,43,E,2
9,113,6.29,35,E,2
9,114,1.37,11,E,2
9,115,2.4,33,E,2
9,116,1.41,27,E,2
9,117,7.91,38,E,2
9,118,3.27,26,E,2
9,119,1.19,17,E,2
9,120,2.98,32,E,2
9,121,3.81,34,E,2
9,122,1.73,47,E,2
9,123,2.26,22,E,2
9,124,1.05,36,E,2
9,125,0.41,48,F,1
9,126,5.6,30,F,1
9,127,5.61,49,F,1
9,128,2.02,38,F,1
9,129,11.53,38,F,1
9,130,16.22,43,F,1
9,131,25.12,18,F,1
9,132,6.3,35,F,1
9,133,10.13,37,F,1
9,134,11.9,17,F,1
9,135,0.62,36,F,1
9,136,10.34,28,F,1
9,137,2.57,47,F,2
9,138,9.83,26,F,2
9,139,0.67,16,F,2
9,140,18.88,25,F,2
9,141,23.47,30,F,2
9,142,27.86,15,F,2
9,143,3.24,43,F,2
9,144,13.18,11,F,2
9,145,1.01,16,F,2
9,146,0.9,34,F,2
9,147,7.71,22,F,2
9,148,2.16,26,F,2
9,149,59.09,38,F,2
9,150,1.6,34,D,3
9,151,1.72,18,D,3
9,152,2.86,28,D,3
9,153,2.73,49,D,3
9,154,3.35,38,D,3
9,155,2.61,10,D,3
10,1,1.92,18,A,1
10,2,1.57,42,A,1
10,3,1.16,29,A,1
10,4,1.19,23,A,1
10,5,0.99,12,A,1
10,6,1.76,45,A,1
10,7,1.44,14,A,1
10,8,1.33,18,A,1
10,9,1.45,31,A,1
10,10,1.58,10,A,2
10,11,0.85,37,A,2
10,12,1.29,26,A,2
10,13,1.36,25,A,2
10,14,2.02,24,A,2
10,15,2.04,46,B,1
10,16,2.62,21,B,1
10,17,3.76,24,B,1
10,18,4.0,29,B,1
10,19,3.81,42,B,1
10,20,7.52,26,B,1
10,21,6.81,47,B,1
10,22,5.6,27,B,1
10,23,6.24,26,B,2
10,24,7.42,27,B,2
10,25,13.35,14,B,2
10,26,2.43,34,C,1
10,27,6.64,45,C,1
10,28,2.38,20,C,1
10,29,8.16,35,C,1
10,30,1.59,38,C,1
10,31,1.67,24,C,2
10,32,3.68,18,C,2
10,33,2.84,25,C,2
10,34,2.2,34,C,2
10,35,2.74,14,C,2
10,36,4.3,28,C,1
10,37,5.11,50,C,1
10,38,5.51,47,C,1
10,39,5.46,12,C,1
10,40,5.92,49,C,1
10,41,6.42,25,C,1
10,42,1.63,39,C,2
10,43,1.87,22,C,2
10,44,19.69,25,C,1
10,45,18.86,29,C,1
10,46,9.78,49,C,1
10,47,26.12,29,C,1
10,48,21.7,21,C,1
10,49,9.3,33,C,1
10,50,11.05,32,C,1
10,51,16.84,26,C,1
10,52,23.09,42,C,1
10,53,25.3,27,C,1
10,54,10.7,30,C,1
10,55,18.31,17,C,1
10,56,2.25,15,D,1
10,57,2.53,15,D,1
10,58,2.26,21,D,1
10,59,1.4,35,D,1
10,60,3.2,41,D,1
10,61,3.79,23,D,1
10,62,3.39,16,D,1
10,63,3.16,25,D,1
10,64,1.37,43,D,1
10,65,3.71,38,D,1
10,66,2.49,23,D,1
10,67,2.7,39,D,1
10,68,2.54,21,D,2
10,69,2.97,45,D,2
10,70,3.12,22,D,2
10,71,0.41,48,D,2
10,72,0.72,10,D,2
10,73,0.69,20,D,2
10,74,1.49,19,D,2
10,75,1.21,42,E,1
10,76,1.56,49,E,1
10,77,1.72,30,E,1
10,78,1.79,11,E,1
10,79,3.27,24,E,1
10,80,4.06,49,E,1
10,81,5.43,35,E,1
10,82,0.82,43,E,1
10,83,3.32,28,E,1
10,84,1.28,17,E,1
10,85,2.23,38,E,1
10,86,3.43,30,E,1
10,87,6.35,17,E,1
10,88,4.51,22,E,1
10,89,4.07,27,E,1
10,90,10.55,38,E,1
10,91,1.76,17,E,1
10,92,2.93,35,E,1
10,93,1.23,27,E,1
10,94,2.53,15,E,1
10,95,4.2,38,E,1
10,96,7.33,47,E,1
10,97,5.4,26,E,1
10,98,5.73,13,E,1
10,99,3.52,38,E,1
10,100,3.59,45,E,1
10,101,0.99,24,E,1
10,102,1.92,29,E,1
10,103,3.49,13,E,1
10,104,1.51,47,E,2
10,105,0.8,35,E,2
10,106,2.83,12,E,2
10,107,12.64,17,E,2
10,108,2.02,39,E,2
10,109,5.14,42,E,2
10,110,5.53,26,E,2
10,111,0.9,23,E,2
10,112,1.51,26,E,2
10,113,5.7,12,E,2
10,114,1.59,14,E,2
10,115,4.56,28,E,2
10,116,0.96,48,E,2
10,117,7.81,10,E,2
10,118,2.75,15,E,2
10,119,1.2,21,E,2
10,120,0.82,39,E,2
10,121,5.6,36,E,2
10,122,2.08,19,E,2
10,123,2.07,48,E,2
10,124,2.0,23,E,2
10,125,0.43,31,F,1
10,126,6.57,25,F,1
10,127,4.13,46,F,1
10,128,2.1,43,F,1
10,129,15.33,13,F,1
10,130,13.37,13,F,1
10,131,25.97,19,F,1
10,132,5.32,27,F,1
10,133,5.41,17,F,1
10,134,10.98,18,F,1
10,135,0.62,33,F,1
10,136,15.39,39,F,1
10,137,2.58,35,F,2
10,138,10.08,12,F,2
10,139,0.73,18,F,2
10,140,14.87,39,F,2
10,141,22.48,39,F,2
10,142,28.52,19,F,2
10,143,5.35,45,F,2
10,144,15.15,27,F,2
10,145,1.14,42,F,2
10,146,0.93,32,F,2
10,147,5.57,45,F,2
10,148,2.04,27,F,2
10,149,64.64,47,F,2
10,150,1.38,28,D,3
10,151,1.89,27,D,3
10,152,3.29,32,D,3
10,153,2.78,49,D,3
10,154,3.62,40,D,3
10,155,2.91,48,D,3
11,1,1.95,44,A,1
11,2,1.57,12,A,1
11,3,1.07,20,A,1
11,4,1.15,20,A,1
11,5,1.01,28,A,1
11,6,1.55,44,A,1
11,7,1.5,26,A,1
11,8,1.2,11,A,1
11,9,2.0,23,A,1
11,10,1.37,24,A,2
11,11,1.08,47,A,2
11,12,1.47,19,A,2
11,13,1.25,42,A,2
11,14,1.85,16,A,2
11,15,1.01,23,B,1
11,16,2.58,50,B,1
11,17,3.91,43,B,1
11,18,3.56,45,B,1
11,19,3.82,38,B,1
11,20,7.55,31,B,1
11,21,7.29,17,B,1
11,22,9.12,12,B,1
11,23,6.04,39,B,2
11,24,7.23,42,B,2
11,25,15.58,22,B,2
11,26,3.84,10,C,1
11,27,7.0,14,C,1
11,28,2.9,49,C,1
11,29,9.01,15,C,1
11,30,1.67,50,C,1
11,31,1.73,34,C,2
11,32,3.11,19,C,2
11,33,2.35,16,C,2
11,34,1.81,30,C,2
11,35,4.73,20,C,2
11,36,4.17,49,C,1
11,37,5.27,17,C,1
11,38,5.41,36,C,1
11,39,6.27,18,C,1
11,40,6.45,27,C,1
11,41,6.45,37,C,1
11,42,1.84,35,C,2
11,43,1.67,21,C,2
11,44,17.92,43,C,1
11,45,24.27,22,C,1
11,46,8.79,36,C,1
11,47,21.36,16,C,1
11,48,17.42,42,C,1
11,49,10.6,20,C,1
11,50,10.85,21,C,1
11,51,14.91,30,C,1
11,52,19.42,43,C,1
11,53,23.88,30,C,1
11,54,14.35,23,C,1
11,55,14.72,40,C,1
11,56,2.11,40,D,1
11,57,2.29,41,D,1
11,58,2.86,20,D,1
11,59,2.41,23,D,1
11,60,3.69,23,D,1
11,61,4.13,17,D,1
11,62,3.56,43,D,1
11,63,3.89,27,D,1
11,64,1.39,38,D,1
11,65,3.65,32,D,1
11,66,2.76,22,D,1
11,67,2.89,13,D,1
11,68,2.53,31,D,2
11,69,2.86,45,D,2
11,70,3.18,45,D,2
11,71,0.62,43,D,2
11,72,0.64,30,D,2
11,73,0.7,18,D,2
11,74,1.5,15,D,2
11,75,1.03,22,E,1
11,76,1.22,12,E,1
11,77,2.5,32,E,1
11,78,2.75,38,E,1
11,79,2.79,38,E,1
11,80,3.52,45,E,1
11,81,4.65,32,E,1
11,82,0.72,35,E,1
11,83,3.41,40,E,1
11,84,1.35,27,E,1
11,85,2.2,42,E,1
11,86,2.86,43,E,1
11,87,3.02,45,E,1
11,88,5.13,25,E,1
11,89,3.96,28,E,1
11,90,9.39,28,E,1
11,91,1.57,26,E,1
11,92,1.88,38,E,1
11,93,1.86,28,E,1
11,94,1.94,15,E,1
11,95,4.27,25,E,1
11,96,5.18,24,E,1
11,97,5.2,34,E,1
11,98,5.73,22,E,1
11,99,3.43,11,E,1
11,100,4.6,48,E,1
11,101,1.26,12,E,1
11,102,2.41,36,E,1
11,103,3.88,21,E,1
11,104,2.35,11,E,2
11,105,1.19,27,E,2
11,106,2.48,20,E,2
11,107,12.37,47,E,2
11,108,3.36,38,E,2
11,109,4.54,37,E,2
11,110,6.16,36,E,2
11,111,0.74,26,E,2
11,112,1.86,28,E,2
11,113,5.52,45,E,2
11,114,1.73,47,E,2
11,115,4.99,12,E,2
11,116,1.01,14,E,2
11,117,3.34,42,E,2
11,118,4.29,22,E,2
11,119,1.4,45,E,2
11,120,3.88,40,E,2
11,121,3.73,40,E,2
11,122,2.09,11,E,2
11,123,3.04,27,E,2
11,124,1.48,12,E,2
11,125,0.56,48,F,1
11,126,8.12,14,F,1
11,127,7.43,11,F,1
11,128,2.37,41,F,1
11,129,12.73,16,F,1
11,130,18.32,34,F,1
11,131,36.82,22,F,1
11,132,5.31,25,F,1
11,133,11.14,16,F,1
11,134,11.53,42,F,1
11,135,0.49,25,F,1
11,136,10.08,37,F,1
11,137,2.0,35,F,2
11,138,9.75,38,F,2
11,139,0.46,23,F,2
11,140,21.36,24,F,2
11,141,27.08,48,F,2
11,142,33.26,14,F,2
11,143,4.94,14,F,2
11,144,16.27,10,F,2
11,145,1.0,13,F,2
11,146,1.01,48,F,2
11,147,3.52,10,F,2
11,148,2.03,28,F,2
11,149,64.94,33,F,2
11,150,1.77,27,D,3
11,151,2.04,39,D,3
11,152,2.49,41,D,3
11,153,2.51,45,D,3
11,154,2.6,22,D,3
11,155,3.95,26,D,3
12,1,1.68,49,A,1
12,2,1.27,14,A,1
12,3,1.32,24,A,1
12,4,1.34,46,A,1
12,5,1.03,20,A,1
12,6,1.58,14,A,1
12,7,1.53,32,A,1
12,8,1.06,41,A,1
12,9,1.32,15,A,1
12,10,1.39,44,A,2
12,11,1.16,22,A,2
12,12,1.51,26,A,2
12,13,0.78,47,A,2
12,14,1.78,14,A,2
12,15,1.95,42,B,1
12,16,2.69,27,B,1
12,17,4.41,47,B,1
12,18,4.18,21,B,1
12,19,4.03,42,B,1
12,20,8.07,49,B,1
12,21,7.21,38,B,1
12,22,8.88,40,B,1
12,23,6.72,50,B,2
12,24,7.3,12,B,2
12,25,17.02,48,B,2
12,26,3.0,35,C,1
12,27,7.04,10,C,1
12,28,2.58,11,C,1
12,29,9.37,25,C,1
12,30,1.84,23,C,1
12,31,2.17,15,C,2
12,32,4.05,27,C,2
12,33,3.16,43,C,2
12,34,2.12,30,C,2
12,35,3.47,34,C,2
12,36,3.89,19,C,1
12,37,5.61,42,C,1
12,38,5.64,44,C,1
12,39,7.0,38,C,1
12,40,5.03,36,C,1
12,41,6.3,14,C,1
12,42,1.85,50,C,2
12,43,1.69,23,C,2
12,44,19.43,18,C,1
12,45,23.65,35,C,1
12,46,9.98,49,C,1
12,47,23.84,16,C,1
12,48,26.63,18,C,1
12,49,9.6,30,C,1
12,50,11.88,14,C,1
12,51,12.61,26,C,1
12,52,20.97,42,C,1
12,53,31.55,43,C,1
12,54,11.68,41,C,1
12,55,22.43,19,C,1
12,56,2.03,15,D,1
12,57,2.32,22,D,1
12,58,2.48,36,D,1
12,59,1.66,17,D,1
12,60,3.14,50,D,1
12,61,3.79,18,D,1
12,62,3.96,43,D,1
12,63,4.34,50,D,1
12,64,1.14,23,D,1
12,65,3.75,10,D,1
12,66,2.53,15,D,1
12,67,3.04,43,D,1
12,68,2.56,30,D,2
12,69,2.76,45,D,2
12,70,2.72,10,D,2
12,71,0.55,17,D,2
12,72,0.89,42,D,2
12,73,0.69,18,D,2
12,74,1.57,39,D,2
12,75,1.24,30,E,1
12,76,2.15,28,E,1
12,77,1.74,28,E,1
12,78,1.92,36,E,1
12,79,2.99,30,E,1
12,80,3.44,40,E,1
12,81,4.78,15,E,1
12,82,0.62,42,E,1
12,83,1.86,41,E,1
12,84,1.46,43,E,1
12,85,2.16,10,E,1
12,86,6.8,43,E,1
12,87,3.56,18,E,1
12,88,5.53,38,E,1
12,89,3.74,30,E,1
12,90,8.6,21,E,1
12,91,1.21,36,E,1
12,92,1.99,26,E,1
12,93,5.7,15,E,1
12,94,2.93,25,E,1
12,95,4.36,50,E,1
12,96,5.47,38,E,1
12,97,5.25,38,E,1
12,98,4.57,14,E,1
12,99,3.91,32,E,1
12,100,5.28,31,E,1
12,101,1.0,27,E,1
12,102,2.15,44,E,1
12,103,4.25,31,E,1
12,104,1.64,44,E,2
12,105,0.63,16,E,2
12,106,2.28,25,E,2
12,107,11.19,21,E,2
12,108,1.92,38,E,2
12,109,4.68,38,E,2
12,110,5.65,37,E,2
12,111,1.05,12,E,2
12,112,1.63,32,E,2
12,113,4.81,14,E,2
12,114,1.8,45,E,2
12,115,2.97,40,E,2
12,116,1.26,33,E,2
12,117,7.59,45,E,2
12,118,4.01,12,E,2
12,119,1.33,34,E,2
12,120,3.04,20,E,2
12,121,7.48,40,E,2
12,122,1.54,30,E,2
12,123,3.67,41,E,2
12,124,1.64,30,E,2
12,125,0.36,17,F,1
12,126,8.03,11,F,1
12,127,4.93,37,F,1
12,128,1.78,28,F,1
12,129,16.0,13,F,1
12,130,16.86,28,F,1
12,131,30.89,23,F,1
12,132,4.63,48,F,1
12,133,9.54,13,F,1
12,134,13.56,39,F,1
12,135,0.6,40,F,1
12,136,10.66,33,F,1
12,137,0.94,12,F,2
12,138,8.21,25,F,2
12,139,0.52,17,F,2
12,140,18.73,46,F,2
12,141,23.39,13,F,2
12,142,30.38,36,F,2
12,143,3.47,23,F,2
12,144,18.55,46,F,2
12,145,1.05,14,F,2
12,146,0.85,10,F,2
12,147,4.09,24,F,2
12,148,1.7,36,F,2
12,149,54.89,20,F,2
12,150,1.75,20,D,3
12,151,1.94,39,D,3
12,152,2.99,26,D,3
12,153,2.76,17,D,3
12,154,3.68,12,D,3
12,155,4.62,50,D,3
13,1,1.75,44,A,1
13,2,1.36,46,A,1
13,3,1.18,34,A,1
13,4,1.21,20,A,1
13,5,1.09,45,A,1
13,6,1.8,19,A,1
13,7,1.49,42,A,1
13,8,1.2,29,A,1
13,9,1.84,23,A,1
13,10,1.4,31,A,2
13,11,1.21,27,A,2
13,12,1.28,40,A,2
13,13,1.61,44,A,2
13,14,1.82,35,A,2
13,15,1.91,14,B,1
13,16,2.42,44,B,1
13,17,3.92,47,B,1
13,18,4.27,29,B,1
13,19,3.94,45,B,1
13,20,7.1,38,B,1
13,21,7.24,15,B,1
13,22,7.59,39,B,1
13,23,6.76,28,B,2
13,24,6.39,13,B,2
13,25,13.83,12,B,2
13,26,1.62,42,C,1
13,27,9.18,32,C,1
13,28,3.42,11,C,1
13,29,8.44,27,C,1
13,30,1.64,33,C,1
13,31,1.61,11,C,2
13,32,3.78,26,C,2
13,33,2.23,44,C,2
13,34,2.7,24,C,2
13,35,4.8,36,C,2
13,36,4.74,40,C,1
13,37,6.4,39,C,1
13,38,5.56,31,C,1
13,39,5.27,41,C,1
13,40,5.58,11,C,1
13,41,6.5,16,C,1
13,42,1.6,36,C,2
13,43,2.08,36,C,2
13,44,19.93,45,C,1
13,45,16.8,17,C,1
13,46,11.21,30,C,1
13,47,26.02,38,C,1
13,48,21.0,16,C,1
13,49,9.62,49,C,1
13,50,13.02,16,C,1
13,51,17.71,43,C,1
13,52,25.47,33,C,1
13,53,20.49,16,C,1
13,54,13.95,14,C,1
13,55,19.92,45,C,1
13,56,2.59,42,D,1
13,57,1.85,26,D,1
13,58,2.39,31,D,1
13,59,2.46,15,D,1
13,60,4.51,25,D,1
13,61,4.16,12,D,1
13,62,4.13,27,D,1
13,63,3.17,19,D,1
13,64,1.47,20,D,1
13,65,3.58,36,D,1
13,66,2.53,47,D,1
13,67,2.91,45,D,1
13,68,2.08,23,D,2
13,69,2.08,49,D,2
13,70,2.33,27,D,2
13,71,0.65,25,D,2
13,72,0.7,38,D,2
13,73,0.68,41,D,2
13,74,0.92,26,D,2
13,75,0.33,49,E,1
13,76,2.31,14,E,1
13,77,1.22,14,E,1
13,78,2.99,15,E,1
13,79,3.24,43,E,1
13,80,3.94,23,E,1
13,81,3.46,33,E,1
13,82,0.75,12,E,1
13,83,1.85,12,E,1
13,84,1.41,11,E,1
13,85,2.07,36,E,1
13,86,5.49,26,E,1
13,87,5.8,33,E,1
13,88,5.23,36,E,1
13,89,4.43,29,E,1
13,90,7.42,23,E,1
13,91,1.43,39,E,1
13,92,2.7,30,E,1
13,93,2.64,28,E,1
13,94,3.0,28,E,1
13,95,3.78,29,E,1
13,96,6.03,28,E,1
13,97,5.35,22,E,1
13,98,5.67,21,E,1
13,99,3.81,29,E,1
13,100,4.69,44,E,1
13,101,1.31,23,E,1
13,102,2.28,23,E,1
13,103,3.93,28,E,1
13,104,1.47,12,E,2
13,105,0.68,48,E,2
13,106,3.66,46,E,2
13,107,10.56,15,E,2
13,108,2.05,50,E,2
13,109,2.3,12,E,2
13,110,6.16,22,E,2
13,111,1.23,26,E,2
13,112,1.67,11,E,2
13,113,6.23,37,E,2
13,114,1.84,29,E,2
13,115,5.3,37,E,2
13,116,1.37,28,E,2
13,117,5.46,43,E,2
13,118,4.79,22,E,2
13,119,1.31,15,E,2
13,120,2.01,32,E,2
13,121,6.69,36,E,2
13,122,1.72,14,E,2
13,123,1.97,20,E,2
13,124,1.94,48,E,2
13,125,0.44,49,F,1
13,126,6.99,17,F,1
13,127,5.75,32,F,1
13,128,1.68,44,F,1
13,129,12.51,19,F,1
13,130,17.36,29,F,1
13,131,28.82,12,F,1
13,132,4.58,45,F,1
13,133,14.05,42,F,1
13,134,13.25,25,F,1
13,135,0.56,15,F,1
13,136,18.63,50,F,1
13,137,2.96,27,F,2
13,138,10.33,28,F,2
13,139,0.6,24,F,2
13,140,25.14,21,F,2
13,141,26.3,34,F,2
13,142,30.79,26,F,2
13,143,4.64,39,F,2
13,144,16.73,11,F,2
13,145,1.07,30,F,2
13,146,0.88,25,F,2
13,147,10.47,28,F,2
13,148,1.77,19,F,2
13,149,62.69,41,F,2
13,150,1.99,10,D,3
13,151,2.22,26,D,3
13,152,2.64,21,D,3
13,153,3.56,19,D,3
13,154,4.36,15,D,3
13,155,1.03,10,D,3
14,1,1.38,47,A,1
14,2,1.2,12,A,1
14,3,1.33,48,A,1
14,4,1.26,16,A,1
14,5,1.27,34,A,1
14,6,1.77,46,A,1
14,7,1.53,22,A,1
14,8,1.38,33,A,1
14,9,1.58,47,A,1
14,10,1.21,16,A,2
14,11,0.97,19,A,2
14,12,1.43,32,A,2
14,13,1.06,43,A,2
14,14,1.75,44,A,2
14,15,2.32,23,B,1
14,16,2.26,25,B,1
14,17,3.73,39,B,1
14,18,4.15,28,B,1
14,19,3.92,14,B,1
14,20,7.23,38,B,1
14,21,6.49,34,B,1
14,22,6.65,10,B,1
14,23,6.39,36,B,2
14,24,7.48,41,B,2
14,25,14.29,13,B,2
14,26,3.5,13,C,1
14,27,8.79,34,C,1
14,28,2.27,14,C,1
14,29,8.62,22,C,1
14,30,1.94,39,C,1
14,31,1.95,40,C,2
14,32,3.65,28,C,2
14,33,2.3,16,C,2
14,34,1.89,25,C,2
14,35,2.72,19,C,2
14,36,4.81,34,C,1
14,37,4.79,28,C,1
14,38,5.65,37,C,1
14,39,7.06,19,C,1
14,40,5.7,12,C,1
14,41,8.18,12,C,1
14,42,1.68,14,C,2
14,43,1.9,44,C,2
14,44,17.87,14,C,1
14,45,21.94,23,C,1
14,46,12.46,35,C,1
14,47,19.29,41,C,1
14,48,17.96,29,C,1
14,49,9.53,42,C,1
14,50,12.75,34,C,1
14,51,17.16,22,C,1
14,52,17.09,20,C,1
14,53,17.2,30,C,1
14,54,18.05,28,C,1
14,55,18.42,40,C,1
14,56,2.12,13,D,1
14,57,2.31,25,D,1
14,58,2.29,18,D,1
14,59,2.51,32,D,1
14,60,3.46,13,D,1
14,61,3.9,42,D,1
14,62,4.02,40,D,1
14,63,4.49,20,D,1
14,64,1.39,13,D,1
14,65,3.69,32,D,1
14,66,2.5,10,D,1
14,67,2.81,26,D,1
14,68,2.47,38,D,2
14,69,1.96,33,D,2
14,70,2.69,10,D,2
14,71,0.69,35,D,2
14,72,0.69,37,D,2
14,73,0.67,48,D,2
14,74,1.46,35,D,2
14,75,1.17,11,E,1
14,76,1.33,29,E,1
14,77,2.06,26,E,1
14,78,3.11,44,E,1
14,79,2.8,12,E,1
14,80,3.79,16,E,1
14,81,4.63,38,E,1
14,82,0.91,30,E,1
14,83,2.44,44,E,1
14,84,1.42,34,E,1
14,85,2.01,20,E,1
14,86,3.35,43,E,1
14,87,5.95,23,E,1
14,88,5.49,29,E,1
14,89,3.59,19,E,1
14,90,11.17,20,E,1
14,91,1.63,30,E,1
14,92,2.17,25,E,1
14,93,-0.48,23,E,1
14,94,3.11,39,E,1
14,95,3.89,40,E,1
14,96,5.92,12,E,1
14,97,5.08,24,E,1
14,98,5.53,25,E,1
14,99,3.67,38,E,1
14,100,3.51,40,E,1
14,101,0.96,36,E,1
14,102,2.15,23,E,1
14,103,3.34,23,E,1
14,104,1.21,28,E,2
14,105,1.22,35,E,2
14,106,2.83,18,E,2
14,107,9.97,18,E,2
14,108,2.69,36,E,2
14,109,4.2,47,E,2
14,110,5.45,30,E,2
14,111,1.03,46,E,2
14,112,1.85,40,E,2
14,113,5.8,25,E,2
14,114,1.25,48,E,2
14,115,3.67,25,E,2
14,116,1.35,12,E,2
14,117,5.18,45,E,2
14,118,4.0,18,E,2
14,119,1.28,19,E,2
14,120,1.16,10,E,2
14,121,4.38,41,E,2
14,122,2.21,35,E,2
14,123,2.64,27,E,2
14,124,1.61,33,E,2
14,125,0.59,46,F,1
14,126,7.17,18,F,1
14,127,5.29,40,F,1
14,128,1.94,36,F,1
14,129,9.47,44,F,1
14,130,14.39,12,F,1
14,131,32.56,26,F,1
14,132,4.83,14,F,1
14,133,8.86,26,F,1
14,134,9.15,12,F,1
14,135,0.61,25,F,1
14,136,11.8,41,F,1
14,137,2.15,21,F,2
14,138,11.32,41,F,2
14,139,0.61,14,F,2
14,140,13.0,30,F,2
14,141,25.07,47,F,2
14,142,31.86,12,F,2
14,143,4.78,36,F,2
14,144,20.79,30,F,2
14,145,1.01,44,F,2
14,146,0.96,14,F,2
14,147,12.02,17,F,2
14,148,2.18,42,F,2
14,149,66.62,35,F,2
14,150,1.49,31,D,3
14,151,1.76,25,D,3
14,152,1.64,49,D,3
14,153,2.3,37,D,3
14,154,3.31,42,D,3
14,155,2.98,15,D,3
15,1,2.35,37,A,1
15,2,1.51,33,A,1
15,3,1.19,13,A,1
15,4,1.24,45,A,1
15,5,0.97,31,A,1
15,6,1.74,41,A,1
15,7,1.6,43,A,1
15,8,1.51,45,A,1
15,9,1.54,32,A,1
15,10,1.42,45,A,2
15,11,1.28,20,A,2
15,12,1.48,11,A,2
15,13,1.24,47,A,2
15,14,1.87,15,A,2
15,15,1.47,11,B,1
15,16,2.55,22,B,1
15,17,3.99,12,B,1
15,18,3.56,45,B,1
15,19,3.82,16,B,1
15,20,8.35,43,B,1
15,21,6.4,13,B,1
15,22,7.27,47,B,1
15,23,6.24,19,B,2
15,24,6.87,25,B,2
15,25,15.51,26,B,2
15,26,3.55,11,C,1
15,27,6.62,22,C,1
15,28,2.68,33,C,1
15,29,5.84,44,C,1
15,30,1.83,19,C,1
15,31,1.51,25,C,2
15,32,5.53,21,C,2
15,33,2.64,18,C,2
15,34,3.26,30,C,2
15,35,2.24,49,C,2
15,36,3.58,48,C,1
15,37,4.92,42,C,1
15,38,5.48,25,C,1
15,39,6.52,39,C,1
15,40,5.58,19,C,1
15,41,7.24,48,C,1
15,42,1.96,42,C,2
15,43,1.73,26,C,2
15,44,16.36,46,C,1
15,45,20.33,45,C,1
15,46,14.67,11,C,1
15,47,22.49,23,C,1
15,48,16.95,32,C,1
15,49,9.94,28,C,1
15,50,11.54,38,C,1
15,51,11.94,37,C,1
15,52,20.75,44,C,1
15,53,28.5,18,C,1
15,54,19.84,23,C,1
15,55,19.27,43,C,1
15,56,1.38,44,D,1
15,57,2.28,32,D,1
15,58,2.2,15,D,1
15,59,2.53,49,D,1
15,60,4.19,34,D,1
15,61,4.09,32,D,1
15,62,4.39,13,D,1
15,63,4.14,48,D,1
15,64,1.31,14,D,1
15,65,3.54,31,D,1
15,66,2.38,26,D,1
15,67,2.6,18,D,1
15,68,1.93,31,D,2
15,69,2.68,16,D,2
15,70,2.93,25,D,2
15,71,0.69,39,D,2
15,72,0.78,19,D,2
15,73,0.6,40,D,2
15,74,2.4,38,D,2
15,75,0.58,26,E,1
15,76,1.81,22,E,1
15,77,1.85,50,E,1
15,78,2.45,11,E,1
15,79,2.96,12,E,1
15,80,2.95,37,E,1
15,81,4.34,15,E,1
15,82,0.64,37,E,1
15,83,3.1,49,E,1
15,84,1.18,11,E,1
15,85,2.18,44,E,1
15,86,4.67,40,E,1
15,87,2.19,24,E,1
15,88,5.33,39,E,1
15,89,4.18,35,E,1
15,90,9.98,31,E,1
15,91,1.51,19,E,1
15,92,2.27,42,E,1
15,93,3.85,45,E,1
15,94,2.98,16,E,1
15,95,4.08,22,E,1
15,96,5.05,24,E,1
15,97,5.35,12,E,1
15,98,6.03,16,E,1
15,99,4.82,33,E,1
15,100,3.88,35,E,1
15,101,1.71,34,E,1
15,102,2.07,49,E,1
15,103,3.89,50,E,1
15,104,2.23,25,E,2
15,105,0.96,22,E,2
15,106,2.33,23,E,2
15,107,7.4,44,E,2
15,108,2.18,18,E,2
15,109,3.7,19,E,2
15,110,6.1,28,E,2
15,111,1.11,30,E,2
15,112,1.85,21,E,2
15,113,4.62,50,E,2
15,114,1.72,21,E,2
15,115,4.34,18,E,2
15,116,1.47,22,E,2
15,117,5.1,27,E,2
15,118,3.27,24,E,2
15,119,1.35,26,E,2
15,120,1.55,42,E,2
15,121,6.35,50,E,2
15,122,2.02,24,E,2
15,123,2.36,16,E,2
15,124,1.72,18,E,2
15,125,0.41,20,F,1
15,126,7.09,23,F,1
15,127,6.28,39,F,1
15,128,1.69,33,F,1
15,129,17.83,19,F,1
15,130,14.37,50,F,1
15,131,28.67,26,F,1
15,132,4.27,26,F,1
15,133,6.75,19,F,1
15,134,10.52,13,F,1
15,135,0.45,16,F,1
15,136,13.71,32,F,1
15,137,1.54,33,F,2
15,138,11.68,16,F,2
15,139,0.65,14,F,2
15,140,17.81,37,F,2
15,141,22.95,40,F,2
15,142,31.41,29,F,2
15,143,4.1,14,F,2
15,144,18.71,21,F,2
15,145,0.88,14,F,2
15,146,0.86,26,F,2
15,147,6.23,33,F,2
15,148,2.03,47,F,2
15,149,88.89,22,F,2
15,150,1.66,12,D,3
15,151,1.74,38,D,3
15,152,2.94,40,D,3
15,153,3.16,46,D,3
15,154,2.85,15,D,3
15,155,3.56,25,D,3
16,1,2.21,17,A,1
16,2,1.53,42,A,1
16,3,1.01,33,A,1
16,4,0.98,11,A,1
16,5,0.92,18,A,1
16,6,1.71,19,A,1
16,7,1.5,17,A,1
16,8,1.59,19,A,1
16,9,1.92,17,A,1
16,10,1.33,30,A,2
16,11,1.13,32,A,2
16,12,1.78,27,A,2
16,13,1.05,26,A,2
16,14,1.93,35,A,2
16,15,1.98,13,B,1
16,16,2.8,18,B,1
16,17,3.26,12,B,1
16,18,4.14,20,B,1
16,19,3.96,24,B,1
16,20,7.55,42,B,1
16,21,7.34,46,B,1
16,22,8.28,30,B,1
16,23,6.35,48,B,2
16,24,6.79,20,B,2
16,25,16.66,48,B,2
16,26,3.0,23,C,1
16,27,8.84,47,C,1
16,28,2.22,35,C,1
16,29,8.94,13,C,1
16,30,1.74,40,C,1
16,31,1.94,45,C,2
16,32,5.07,50,C,2
16,33,3.78,22,C,2
16,34,2.22,46,C,2
16,35,3.28,23,C,2
16,36,4.27,20,C,1
16,37,6.68,46,C,1
16,38,5.1,23,C,1
16,39,5.24,48,C,1
16,40,5.34,26,C,1
16,41,7.32,42,C,1
16,42,1.69,23,C,2
16,43,1.72,47,C,2
16,44,22.71,14,C,1
16,45,19.52,38,C,1
16,46,12.1,10,C,1
16,47,22.27,44,C,1
16,48,16.65,21,C,1
16,49,9.8,26,C,1
16,50,10.43,47,C,1
16,51,15.07,13,C,1
16,52,21.09,34,C,1
16,53,29.89,45,C,1
16,54,10.06,23,C,1
16,55,18.57,18,C,1
16,56,1.83,21,D,1
16,57,1.88,42,D,1
16,58,2.15,20,D,1
16,59,2.47,39,D,1
16,60,3.51,36,D,1
16,61,3.85,18,D,1
16,62,3.09,24,D,1
16,63,4.0,11,D,1
16,64,1.61,27,D,1
16,65,3.62,47,D,1
16,66,2.48,46,D,1
16,67,2.4,33,D,1
16,68,2.32,38,D,2
16,69,3.6,46,D,2
16,70,3.12,26,D,2
16,71,0.52,34,D,2
16,72,0.63,22,D,2
16,73,0.74,16,D,2
16,74,1.05,41,D,2
16,75,0.76,11,E,1
16,76,1.6,43,E,1
16,77,2.06,44,E,1
16,78,3.53,18,E,1
16,79,2.88,45,E,1
16,80,3.63,19,E,1
16,81,3.93,11,E,1
16,82,1.12,45,E,1
16,83,2.07,50,E,1
16,84,1.48,21,E,1
16,85,2.03,48,E,1
16,86,3.34,42,E,1
16,87,4.2,45,E,1
16,88,6.02,47,E,1
16,89,4.17,50,E,1
16,90,9.54,13,E,1
16,91,1.57,25,E,1
16,92,1.98,37,E,1
16,93,0.08,45,E,1
16,94,2.25,29,E,1
16,95,3.89,28,E,1
16,96,3.2,26,E,1
16,97,5.6,37,E,1
16,98,5.6,10,E,1
16,99,2.9,35,E,1
16,100,3.45,36,E,1
16,101,0.81,10,E,1
16,102,1.62,34,E,1
16,103,4.75,36,E,1
16,104,1.56,40,E,2
16,105,0.97,14,E,2
16,106,1.92,23,E,2
16,107,7.96,35,E,2
16,108,1.35,44,E,2
16,109,3.38,35,E,2
16,110,5.35,30,E,2
16,111,1.21,20,E,2
16,112,1.6,36,E,2
16,113,6.3,22,E,2
16,114,1.41,47,E,2
16,115,4.69,47,E,2
16,116,1.15,29,E,2
16,117,7.49,43,E,2
16,118,3.48,34,E,2
16,119,1.41,44,E,2
16,120,1.66,29,E,2
16,121,4.91,33,E,2
16,122,2.28,48,E,2
16,123,2.5,45,E,2
16,124,2.74,20,E,2
16,125,0.45,18,F,1
16,126,6.45,33,F,1
16,127,5.6,50,F,1
16,128,2.14,42,F,1
16,129,12.12,49,F,1
16,130,12.76,25,F,1
16,131,33.1,30,F,1
16,132,3.81,42,F,1
16,133,12.59,50,F,1
16,134,8.73,39,F,1
16,135,0.59,31,F,1
16,136,11.5,15,F,1
16,137,2.48,45,F,2
16,138,9.94,41,F,2
16,139,0.52,20,F,2
16,140,17.07,16,F,2
16,141,26.53,20,F,2
16,142,36.72,29,F,2
16,143,5.88,14,F,2
16,144,14.78,49,F,2
16,145,0.98,35,F,2
16,146,0.88,29,F,2
16,147,-0.89,32,F,2
16,148,2.14,39,F,2
16,149,58.49,22,F,2
16,150,1.95,20,D,3
16,151,1.77,27,D,3
16,152,3.26,50,D,3
16,153,2.24,17,D,3
16,154,3.04,28,D,3
16,155,3.35,48,D,3
17,1,1.58,13,A,1
17,2,1.56,46,A,1
17,3,1.13,47,A,1
17,4,1.67,27,A,1
17,5,0.73,36,A,1
17,6,1.84,29,A,1
17,7,1.49,47,A,1
17,8,1.08,22,A,1
17,9,1.55,35,A,1
17,10,1.63,28,A,2
17,11,0.89,13,A,2
17,12,1.65,26,A,2
17,13,1.16,33,A,2
17,14,1.77,33,A,2
17,15,2.04,12,B,1
17,16,2.48,14,B,1
17,17,3.57,30,B,1
17,18,3.96,26,B,1
17,19,3.97,28,B,1
17,20,7.73,49,B,1
17,21,7.0,32,B,1
17,22,8.13,21,B,1
17,23,5.77,16,B,2
17,24,6.98,26,B,2
17,25,16.51,28,B,2
17,26,1.74,29,C,1
17,27,7.07,23,C,1
17,28,2.9,24,C,1
17,29,7.89,47,C,1
17,30,1.85,30,C,1
17,31,2.11,12,C,2
17,32,4.11,30,C,2
17,33,3.18,32,C,2
17,34,2.44,43,C,2
17,35,3.46,37,C,2
17,36,3.89,25,C,1
17,37,5.13,23,C,1
17,38,5.82,11,C,1
17,39,7.89,12,C,1
17,40,5.21,42,C,1
17,41,6.26,30,C,1
17,42,1.82,42,C,2
17,43,1.36,27,C,2
17,44,16.17,42,C,1
17,45,24.74,46,C,1
17,46,9.97,22,C,1
17,47,20.06,50,C,1
17,48,20.99,14,C,1
17,49,9.67,49,C,1
17,50,13.36,18,C,1
17,51,13.85,28,C,1
17,52,14.65,49,C,1
17,53,32.26,30,C,1
17,54,8.06,46,C,1
17,55,16.74,46,C,1
17,56,1.56,49,D,1
17,57,2.07,44,D,1
17,58,2.23,49,D,1
17,59,2.48,16,D,1
17,60,3.33,39,D,1
17,61,4.18,10,D,1
17,62,3.8,48,D,1
17,63,3.33,17,D,1
17,64,1.49,45,D,1
17,65,3.69,10,D,1
17,66,2.63,12,D,1
17,67,3.06,22,D,1
17,68,2.31,16,D,2
17,69,2.46,34,D,2
17,70,2.83,39,D,2
17,71,0.55,33,D,2
17,72,0.56,22,D,2
17,73,0.62,41,D,2
17,74,0.73,43,D,2
17,75,0.25,17,E,1
17,76,1.22,40,E,1
17,77,2.15,11,E,1
17,78,2.48,47,E,1
17,79,3.35,24,E,1
17,80,3.68,26,E,1
17,81,3.38,20,E,1
17,82,0.75,28,E,1
17,83,2.65,25,E,1
17,84,1.29,35,E,1
17,85,2.18,48,E,1
17,86,3.22,11,E,1
17,87,5.2,19,E,1
17,88,6.92,42,E,1
17,89,4.37,20,E,1
17,90,7.88,17,E,1
17,91,1.31,30,E,1
17,92,2.36,12,E,1
17,93,2.96,10,E,1
17,94,2.84,32,E,1
17,95,3.8,12,E,1
17,96,5.93,45,E,1
17,97,5.58,38,E,1
17,98,5.18,16,E,1
17,99,3.07,32,E,1
17,100,3.66,48,E,1
17,101,1.01,31,E,1
17,102,1.75,30,E,1
17,103,3.52,34,E,1
17,104,2.1,13,E,2
17,105,1.18,36,E,2
17,106,2.34,15,E,2
17,107,13.62,46,E,2
17,108,2.57,17,E,2
17,109,3.82,38,E,2
17,110,5.42,43,E,2
17,111,1.4,35,E,2
17,112,1.84,23,E,2
17,113,6.91,39,E,2
17,114,1.56,41,E,2
17,115,2.32,49,E,2
17,116,1.03,25,E,2
17,117,4.11,20,E,2
17,118,4.09,14,E,2
17,119,1.48,34,E,2
17,120,4.32,20,E,2
17,121,6.47,31,E,2
17,122,2.06,49,E,2
17,123,4.55,21,E,2
17,124,2.0,50,E,2
17,125,0.48,34,F,1
17,126,5.85,41,F,1
17,127,5.27,45,F,1
17,128,2.49,44,F,1
17,129,15.83,37,F,1
17,130,13.73,37,F,1
17,131,35.44,11,F,1
17,132,5.32,27,F,1
17,133,5.66,43,F,1
17,134,10.23,41,F,1
17,135,0.49,16,F,1
17,136,12.83,44,F,1
17,137,2.99,15,F,2
17,138,9.19,35,F,2
17,139,0.37,36,F,2
17,140,21.08,26,F,2
17,141,24.4,22,F,2
17,142,27.96,32,F,2
17,143,3.87,13,F,2
17,144,17.76,48,F,2
17,145,1.03,45,F,2
17,146,0.9,46,F,2
17,147,9.55,20,F,2
17,148,1.92,36,F,2
17,149,60.84,19,F,2
17,150,1.55,14,D,3
17,151,1.79,23,D,3
17,152,2.2,39,D,3
17,153,2.36,30,D,3
17,154,3.69,49,D,3
17,155,4.12,15,D,3
18,1,2.4,47,A,1
18,2,1.46,22,A,1
18,3,1.02,31,A,1
18,4,1.51,12,A,1
18,5,1.14,40,A,1
18,6,1.85,41,A,1
18,7,1.5,25,A,1
18,8,0.83,31,A,1
18,9,2.01,28,A,1
18,10,1.36,32,A,2
18,11,1.07,30,A,2
18,12,1.41,32,A,2
18,13,1.15,26,A,2
18,14,1.82,41,A,2
18,15,2.06,41,B,1
18,16,2.67,18,B,1
18,17,2.77,38,B,1
18,18,4.37,16,B,1
18,19,3.91,15,B,1
18,20,6.82,37,B,1
18,21,6.54,42,B,1
18,22,7.62,29,B,1
18,23,5.5,37,B,2
18,24,7.02,18,B,2
18,25,14.66,20,B,2
18,26,2.87,21,C,1
18,27,7.53,50,C,1
18,28,3.32,50,C,1
18,29,8.28,33,C,1
18,30,2.2,20,C,1
18,31,2.14,41,C,2
18,32,3.72,40,C,2
18,33,3.41,23,C,2
18,34,2.87,10,C,2
18,35,2.5,27,C,2
18,36,3.61,28,C,1
18,37,6.88,24,C,1
18,38,5.32,17,C,1
18,39,6.75,43,C,1
18,40,6.41,47,C,1
18,41,6.71,49,C,1
18,42,1.68,34,C,2
18,43,1.87,39,C,2
18,44,17.31,45,C,1
18,45,19.43,11,C,1
18,46,13.46,43,C,1
18,47,18.18,13,C,1
18,48,15.39,49,C,1
18,49,10.15,27,C,1
18,50,12.28,16,C,1
18,51,19.36,49,C,1
18,52,20.31,33,C,1
18,53,20.02,29,C,1
18,54,23.54,17,C,1
18,55,19.58,37,C,1
18,56,1.53,17,D,1
18,57,1.98,37,D,1
18,58,2.26,32,D,1
18,59,2.43,23,D,1
18,60,3.52,19,D,1
18,61,4.39,35,D,1
18,62,4.02,20,D,1
18,63,2.95,49,D,1
18,64,1.33,33,D,1
18,65,3.64,11,D,1
18,66,2.5,41,D,1
18,67,2.53,48,D,1
18,68,2.58,42,D,2
18,69,2.79,10,D,2
18,70,2.86,33,D,2
18,71,0.5,11,D,2
18,72,0.59,12,D,2
18,73,0.76,44,D,2
18,74,1.13,39,D,2
18,75,0.67,35,E,1
18,76,1.92,33,E,1
18,77,1.5,29,E,1
18,78,2.65,11,E,1
18,79,1.47,19,E,1
18,80,4.04,41,E,1
18,81,4.61,37,E,1
18,82,0.72,24,E,1
18,83,2.52,41,E,1
18,84,1.26,33,E,1
18,85,2.23,45,E,1
18,86,5.49,34,E,1
18,87,6.57,28,E,1
18,88,4.3,22,E,1
18,89,4.18,33,E,1
18,90,8.74,17,E,1
18,91,1.37,43,E,1
18,92,1.77,29,E,1
18,93,2.74,45,E,1
18,94,2.94,10,E,1
18,95,3.64,19,E,1
18,96,6.34,39,E,1
18,97,5.38,38,E,1
18,98,5.21,14,E,1
18,99,3.52,10,E,1
18,100,4.12,36,E,1
18,101,1.44,41,E,1
18,102,1.93,40,E,1
18,103,3.28,17,E,1
18,104,1.95,14,E,2
18,105,1.14,20,E,2
18,106,3.28,13,E,2
18,107,10.45,27,E,2
18,108,1.12,41,E,2
18,109,3.28,33,E,2
18,110,6.0,46,E,2
18,111,1.1,18,E,2
18,112,1.49,50,E,2
18,113,5.7,10,E,2
18,114,1.23,42,E,2
18,115,3.16,19,E,2
18,116,1.01,39,E,2
18,117,6.25,10,E,2
18,118,4.11,29,E,2
18,119,1.27,29,E,2
18,120,1.87,23,E,2
18,121,6.4,42,E,2
18,122,1.64,19,E,2
18,123,2.29,49,E,2
18,124,1.9,13,E,2
18,125,0.53,48,F,1
18,126,5.44,31,F,1
18,127,5.62,18,F,1
18,128,1.54,11,F,1
18,129,15.29,45,F,1
18,130,18.17,40,F,1
18,131,27.36,43,F,1
18,132,5.5,28,F,1
18,133,11.66,34,F,1
18,134,20.4,20,F,1
18,135,0.67,42,F,1
18,136,11.21,34,F,1
18,137,2.5,15,F,2
18,138,8.98,34,F,2
18,139,0.51,50,F,2
18,140,20.39,32,F,2
18,141,24.41,40,F,2
18,142,28.25,36,F,2
18,143,4.61,43,F,2
18,144,16.49,31,F,2
18,145,0.89,48,F,2
18,146,0.85,19,F,2
18,147,10.68,18,F,2
18,148,1.99,16,F,2
18,149,43.5,22,F,2
18,150,1.53,28,D,3
18,151,2.0,48,D,3
18,152,2.92,24,D,3
18,153,2.22,27,D,3
18,154,2.5,16,D,3
18,155,2.74,46,D,3
19,1,1.93,17,A,1
19,2,1.7,16,A,1
19,3,1.24,33,A,1
19,4,1.34,18,A,1
19,5,0.76,45,A,1
19,6,1.7,42,A,1
19,7,1.54,12,A,1
19,8,1.11,37,A,1
19,9,1.47,13,A,1
19,10,1.66,17,A,2
19,11,1.02,17,A,2
19,12,1.75,31,A,2
19,13,1.28,16,A,2
19,14,1.56,49,A,2
19,15,2.17,46,B,1
19,16,2.3,22,B,1
19,17,2.85,24,B,1
19,18,3.56,23,B,1
19,19,3.93,42,B,1
19,20,7.21,19,B,1
19,21,6.72,21,B,1
19,22,7.89,40,B,1
19,23,6.58,30,B,2
19,24,7.22,10,B,2
19,25,14.12,31,B,2
19,26,1.61,20,C,1
19,27,7.57,29,C,1
19,28,4.51,24,C,1
19,29,6.89,15,C,1
19,30,1.54,23,C,1
19,31,2.01,10,C,2
19,32,4.22,41,C,2
19,33,2.35,40,C,2
19,34,2.74,20,C,2
19,35,2.91,36,C,2
19,36,4.67,27,C,1
19,37,5.01,15,C,1
19,38,5.27,31,C,1
19,39,7.13,32,C,1
19,40,5.77,27,C,1
19,41,7.21,42,C,1
19,42,1.72,23,C,2
19,43,1.73,38,C,2
19,44,15.19,25,C,1
19,45,19.85,29,C,1
19,46,13.02,19,C,1
19,47,18.78,12,C,1
19,48,17.47,28,C,1
19,49,9.6,18,C,1
19,50,11.34,26,C,1
19,51,13.45,30,C,1
19,52,21.06,22,C,1
19,53,22.3,29,C,1
19,54,13.85,19,C,1
19,55,16.93,21,C,1
19,56,2.33,23,D,1
19,57,2.45,25,D,1
19,58,2.26,38,D,1
19,59,1.94,49,D,1
19,60,3.9,26,D,1
19,61,4.17,31,D,1
19,62,4.46,34,D,1
19,63,3.63,50,D,1
19,64,1.35,46,D,1
19,65,3.71,28,D,1
19,66,2.73,28,D,1
19,67,2.95,35,D,1
19,68,2.64,21,D,2
19,69,1.91,43,D,2
19,70,2.79,17,D,2
19,71,0.65,15,D,2
19,72,0.57,21,D,2
19,73,0.59,37,D,2
19,74,1.33,11,D,2
19,75,0.89,35,E,1
19,76,1.39,15,E,1
19,77,2.22,43,E,1
19,78,2.81,41,E,1
19,79,4.16,36,E,1
19,80,3.93,39,E,1
19,81,3.45,18,E,1
19,82,1.01,12,E,1
19,83,2.33,40,E,1
19,84,1.32,31,E,1
19,85,2.1,49,E,1
19,86,4.1,47,E,1
19,87,5.45,42,E,1
19,88,5.6,41,E,1
19,89,3.96,31,E,1
19,90,8.09,29,E,1
19,91,1.35,35,E,1
19,92,2.3,41,E,1
19,93,2.33,41,E,1
19,94,2.65,41,E,1
19,95,4.62,40,E,1
19,96,7.58,28,E,1
19,97,5.23,45,E,1
19,98,5.54,31,E,1
19,99,3.77,38,E,1
19,100,4.86,19,E,1
19,101,0.93,42,E,1
19,102,2.2,34,E,1
19,103,4.32,50,E,1
19,104,1.71,12,E,2
19,105,0.88,23,E,2
19,106,1.84,30,E,2
19,107,9.63,44,E,2
19,108,3.25,36,E,2
19,109,4.96,31,E,2
19,110,5.72,21,E,2
19,111,0.9,27,E,2
19,112,1.72,16,E,2
19,113,5.18,32,E,2
19,114,1.76,48,E,2
19,115,4.95,25,E,2
19,116,0.88,46,E,2
19,117,6.39,43,E,2
19,118,4.98,14,E,2
19,119,1.31,36,E,2
19,120,0.87,25,E,2
19,121,5.44,46,E,2
19,122,2.08,43,E,2
19,123,3.31,12,E,2
19,124,1.51,32,E,2
19,125,0.42,32,F,1
19,126,7.68,12,F,1
19,127,6.07,45,F,1
19,128,1.75,27,F,1
19,129,8.81,49,F,1
19,130,12.01,36,F,1
19,131,27.93,43,F,1
19,132,3.85,42,F,1
19,133,8.53,48,F,1
19,134,17.84,31,F,1
19,135,0.63,41,F,1
19,136,10.21,21,F,1
19,137,2.1,33,F,2
19,138,5.77,20,F,2
19,139,0.59,28,F,2
19,140,17.33,27,F,2
19,141,26.02,25,F,2
19,142,36.55,47,F,2
19,143,4.88,12,F,2
19,144,17.13,38,F,2
19,145,1.0,29,F,2
19,146,0.82,27,F,2
19,147,6.06,24,F,2
19,148,2.04,37,F,2
19,149,72.63,27,F,2
19,150,2.09,36,D,3
19,151,1.92,29,D,3
19,152,2.16,36,D,3
19,153,1.81,32,D,3
19,154,3.15,30,D,3
19,155,3.5,43,D,3
20,1,2.02,38,A,1
20,2,1.43,50,A,1
20,3,1.25,49,A,1
20,4,1.32,16,A,1
20,5,1.09,46,A,1
20,6,1.76,17,A,1
20,7,1.53,47,A,1
20,8,1.37,10,A,1
20,9,1.75,16,A,1
20,10,1.3,28,A,2
20,11,1.02,27,A,2
20,12,1.61,14,A,2
20,13,1.38,21,A,2
20,14,1.91,25,A,2
20,15,2.18,14,B,1
20,16,2.24,48,B,1
20,17,2.55,27,B,1
20,18,4.09,33,B,1
20,19,3.98,30,B,1
20,20,7.3,14,B,1
20,21,6.75,20,B,1
20,22,7.21,24,B,1
20,23,5.71,49,B,2
20,24,6.6,18,B,2
20,25,16.79,42,B,2
20,26,3.79,28,C,1
20,27,10.29,19,C,1
20,28,1.63,36,C,1
20,29,5.92,41,C,1
20,30,1.58,16,C,1
20,31,1.72,43,C,2
20,32,2.99,45,C,2
20,33,2.63,14,C,2
20,34,1.73,33,C,2
20,35,3.41,14,C,2
20,36,3.97,44,C,1
20,37,4.71,26,C,1
20,38,4.57,25,C,1
20,39,6.72,10,C,1
20,40,5.65,19,C,1
20,41,8.29,27,C,1
20,42,1.91,49,C,2
20,43,2.23,49,C,2
20,44,18.65,39,C,1
20,45,15.99,16,C,1
20,46,10.63,38,C,1
20,47,25.18,40,C,1
20,48,23.73,14,C,1
20,49,9.41,38,C,1
20,50,9.35,43,C,1
20,51,13.41,11,C,1
20,52,17.71,23,C,1
20,53,25.71,18,C,1
20,54,18.87,46,C,1
20,55,17.02,33,C,1
20,56,1.76,18,D,1
20,57,2.0,35,D,1
20,58,2.14,25,D,1
20,59,1.88,23,D,1
20,60,3.97,17,D,1
20,61,3.4,21,D,1
20,62,3.67,42,D,1
20,63,4.16,24,D,1
20,64,1.16,26,D,1
20,65,3.61,16,D,1
20,66,2.48,39,D,1
20,67,3.29,29,D,1
20,68,2.18,35,D,2
20,69,2.93,18,D,2
20,70,2.52,11,D,2
20,71,0.69,42,D,2
20,72,0.57,39,D,2
20,73,0.68,21,D,2
20,74,0.92,10,D,2
20,75,0.64,24,E,1
20,76,1.86,29,E,1
20,77,2.59,10,E,1
20,78,3.48,32,E,1
20,79,3.47,46,E,1
20,80,3.67,48,E,1
20,81,5.27,35,E,1
20,82,0.69,38,E,1
20,83,2.96,36,E,1
20,84,1.21,40,E,1
20,85,2.01,17,E,1
20,86,6.24,24,E,1
20,87,5.54,37,E,1
20,88,6.21,41,E,1
20,89,4.24,47,E,1
20,90,7.58,27,E,1
20,91,1.51,23,E,1
20,92,2.75,13,E,1
20,93,1.23,19,E,1
20,94,2.5,30,E,1
20,95,3.56,32,E,1
20,96,9.15,19,E,1
20,97,4.89,13,E,1
20,98,5.71,29,E,1
20,99,3.1,10,E,1
20,100,5.65,42,E,1
20,101,1.25,47,E,1
20,102,1.25,48,E,1
20,103,3.49,18,E,1
20,104,2.73,22,E,2
20,105,0.96,10,E,2
20,106,2.95,16,E,2
20,107,7.14,37,E,2
20,108,2.78,32,E,2
20,109,2.74,16,E,2
20,110,5.92,13,E,2
20,111,1.1,22,E,2
20,112,1.74,26,E,2
20,113,4.85,13,E,2
20,114,1.25,43,E,2
20,115,4.63,44,E,2
20,116,1.18,36,E,2
20,117,4.4,17,E,2
20,118,3.78,21,E,2
20,119,1.36,35,E,2
20,120,2.29,17,E,2
20,121,5.8,21,E,2
20,122,2.07,46,E,2
20,123,2.93,35,E,2
20,124,1.64,50,E,2
20,125,0.4,24,F,1
20,126,6.77,29,F,1
20,127,5.9,19,F,1
20,128,1.14,24,F,1
20,129,11.85,20,F,1
20,130,14.99,29,F,1
20,131,22.15,35,F,1
20,132,4.74,27,F,1
20,133,7.94,49,F,1
20,134,10.7,33,F,1
20,135,0.46,37,F,1
20,136,16.54,27,F,1
20,137,2.59,38,F,2
20,138,10.1,26,F,2
20,139,0.42,30,F,2
20,140,18.99,46,F,2
20,141,26.13,49,F,2
20,142,26.51,32,F,2
20,143,5.07,43,F,2
20,144,20.41,20,F,2
20,145,0.88,14,F,2
20,146,0.9,41,F,2
20,147,6.31,20,F,2
20,148,1.85,24,F,2
20,149,69.59,45,F,2
20,150,1.73,13,D,3
20,151,1.95,25,D,3
20,152,2.3,12,D,3
20,153,1.74,20,D,3
20,154,2.43,19,D,3
20,155,3.54,28,D,3
